ISO-10303-21;
HEADER;
FILE_DESCRIPTION(('KiCad electronic assembly'),'2;1');
FILE_NAME('Power_in.step','2026-09-20T12:27:04',('Pcbnew'),('Kicad'),
  'Open CASCADE STEP processor 7.9','KiCad to STEP converter','Unknown'
  );
FILE_SCHEMA(('AUTOMOTIVE_DESIGN { 1 0 10303 214 1 1 1 1 }'));
ENDSEC;
DATA;
#1 = APPLICATION_PROTOCOL_DEFINITION('international standard',
  'automotive_design',2000,#2);
#2 = APPLICATION_CONTEXT(
  'core data for automotive mechanical design processes');
#3 = SHAPE_DEFINITION_REPRESENTATION(#4,#10);
#4 = PRODUCT_DEFINITION_SHAPE('','',#5);
#5 = PRODUCT_DEFINITION('design','',#6,#9);
#6 = PRODUCT_DEFINITION_FORMATION('','',#7);
#7 = PRODUCT('Power_in 1','Power_in 1','',(#8));
#8 = PRODUCT_CONTEXT('',#2,'mechanical');
#9 = PRODUCT_DEFINITION_CONTEXT('part definition',#2,'design');
#10 = SHAPE_REPRESENTATION('',(#11,#15,#19,#23,#27),#31);
#11 = AXIS2_PLACEMENT_3D('',#12,#13,#14);
#12 = CARTESIAN_POINT('',(0.,0.,0.));
#13 = DIRECTION('',(0.,0.,1.));
#14 = DIRECTION('',(1.,0.,-0.));
#15 = AXIS2_PLACEMENT_3D('',#16,#17,#18);
#16 = CARTESIAN_POINT('',(-8.65,0.,1.595));
#17 = DIRECTION('',(-0.,0.,1.));
#18 = DIRECTION('',(1.110223024625E-16,-1.,0.));
#19 = AXIS2_PLACEMENT_3D('',#20,#21,#22);
#20 = CARTESIAN_POINT('',(0.,0.,0.));
#21 = DIRECTION('',(0.,0.,1.));
#22 = DIRECTION('',(1.,0.,-0.));
#23 = AXIS2_PLACEMENT_3D('',#24,#25,#26);
#24 = CARTESIAN_POINT('',(0.,0.,0.));
#25 = DIRECTION('',(0.,0.,1.));
#26 = DIRECTION('',(1.,0.,-0.));
#27 = AXIS2_PLACEMENT_3D('',#28,#29,#30);
#28 = CARTESIAN_POINT('',(0.,0.,0.));
#29 = DIRECTION('',(0.,0.,1.));
#30 = DIRECTION('',(1.,0.,-0.));
#31 = ( GEOMETRIC_REPRESENTATION_CONTEXT(3) 
GLOBAL_UNCERTAINTY_ASSIGNED_CONTEXT((#35)) GLOBAL_UNIT_ASSIGNED_CONTEXT(
(#32,#33,#34)) REPRESENTATION_CONTEXT('Context #1',
  '3D Context with UNIT and UNCERTAINTY') );
#32 = ( LENGTH_UNIT() NAMED_UNIT(*) SI_UNIT(.MILLI.,.METRE.) );
#33 = ( NAMED_UNIT(*) PLANE_ANGLE_UNIT() SI_UNIT($,.RADIAN.) );
#34 = ( NAMED_UNIT(*) SI_UNIT($,.STERADIAN.) SOLID_ANGLE_UNIT() );
#35 = UNCERTAINTY_MEASURE_WITH_UNIT(LENGTH_MEASURE(1.E-07),#32,
  'distance_accuracy_value','confusion accuracy');
#36 = PRODUCT_RELATED_PRODUCT_CATEGORY('part',$,(#7));
#37 = SHAPE_DEFINITION_REPRESENTATION(#38,#44);
#38 = PRODUCT_DEFINITION_SHAPE('','',#39);
#39 = PRODUCT_DEFINITION('design','',#40,#43);
#40 = PRODUCT_DEFINITION_FORMATION('','',#41);
#41 = PRODUCT('Dell_DC_barrel_jack','Dell_DC_barrel_jack','',(#42));
#42 = PRODUCT_CONTEXT('',#2,'mechanical');
#43 = PRODUCT_DEFINITION_CONTEXT('part definition',#2,'design');
#44 = SHAPE_REPRESENTATION('',(#11,#45),#49);
#45 = AXIS2_PLACEMENT_3D('',#46,#47,#48);
#46 = CARTESIAN_POINT('',(0.,0.,0.));
#47 = DIRECTION('',(0.,0.,1.));
#48 = DIRECTION('',(1.,0.,-0.));
#49 = ( GEOMETRIC_REPRESENTATION_CONTEXT(3) 
GLOBAL_UNCERTAINTY_ASSIGNED_CONTEXT((#53)) GLOBAL_UNIT_ASSIGNED_CONTEXT(
(#50,#51,#52)) REPRESENTATION_CONTEXT('Context #1',
  '3D Context with UNIT and UNCERTAINTY') );
#50 = ( LENGTH_UNIT() NAMED_UNIT(*) SI_UNIT(.MILLI.,.METRE.) );
#51 = ( NAMED_UNIT(*) PLANE_ANGLE_UNIT() SI_UNIT($,.RADIAN.) );
#52 = ( NAMED_UNIT(*) SI_UNIT($,.STERADIAN.) SOLID_ANGLE_UNIT() );
#53 = UNCERTAINTY_MEASURE_WITH_UNIT(LENGTH_MEASURE(1.E-07),#50,
  'distance_accuracy_value','confusion accuracy');
#54 = CONTEXT_DEPENDENT_SHAPE_REPRESENTATION(#55,#57);
#55 = ( REPRESENTATION_RELATIONSHIP('','',#44,#10) 
REPRESENTATION_RELATIONSHIP_WITH_TRANSFORMATION(#56) 
SHAPE_REPRESENTATION_RELATIONSHIP() );
#56 = ITEM_DEFINED_TRANSFORMATION('','',#11,#15);
#57 = PRODUCT_DEFINITION_SHAPE('Placement','Placement of an item',#58);
#58 = NEXT_ASSEMBLY_USAGE_OCCURRENCE('14','J1','',#5,#39,$);
#59 = PRODUCT_RELATED_PRODUCT_CATEGORY('part',$,(#41));
#60 = SHAPE_DEFINITION_REPRESENTATION(#61,#67);
#61 = PRODUCT_DEFINITION_SHAPE('','',#62);
#62 = PRODUCT_DEFINITION('design','',#63,#66);
#63 = PRODUCT_DEFINITION_FORMATION('','',#64);
#64 = PRODUCT('Dell_DC_barrel_jack','Dell_DC_barrel_jack','',(#65));
#65 = PRODUCT_CONTEXT('',#2,'mechanical');
#66 = PRODUCT_DEFINITION_CONTEXT('part definition',#2,'design');
#67 = SHAPE_REPRESENTATION('',(#11,#68,#72,#76,#80,#84,#88,#92,#96,#100,
    #104,#108,#112),#116);
#68 = AXIS2_PLACEMENT_3D('',#69,#70,#71);
#69 = CARTESIAN_POINT('',(0.,0.,0.));
#70 = DIRECTION('',(0.,0.,1.));
#71 = DIRECTION('',(1.,0.,0.));
#72 = AXIS2_PLACEMENT_3D('',#73,#74,#75);
#73 = CARTESIAN_POINT('',(0.,0.,0.));
#74 = DIRECTION('',(0.,0.,1.));
#75 = DIRECTION('',(1.,0.,0.));
#76 = AXIS2_PLACEMENT_3D('',#77,#78,#79);
#77 = CARTESIAN_POINT('',(0.,0.,0.));
#78 = DIRECTION('',(0.,0.,1.));
#79 = DIRECTION('',(1.,0.,0.));
#80 = AXIS2_PLACEMENT_3D('',#81,#82,#83);
#81 = CARTESIAN_POINT('',(0.,0.,0.));
#82 = DIRECTION('',(0.,0.,1.));
#83 = DIRECTION('',(1.,0.,0.));
#84 = AXIS2_PLACEMENT_3D('',#85,#86,#87);
#85 = CARTESIAN_POINT('',(0.,0.,0.));
#86 = DIRECTION('',(0.,0.,1.));
#87 = DIRECTION('',(1.,0.,0.));
#88 = AXIS2_PLACEMENT_3D('',#89,#90,#91);
#89 = CARTESIAN_POINT('',(0.,0.,0.));
#90 = DIRECTION('',(0.,0.,1.));
#91 = DIRECTION('',(1.,0.,0.));
#92 = AXIS2_PLACEMENT_3D('',#93,#94,#95);
#93 = CARTESIAN_POINT('',(0.,0.,0.));
#94 = DIRECTION('',(0.,0.,1.));
#95 = DIRECTION('',(1.,0.,0.));
#96 = AXIS2_PLACEMENT_3D('',#97,#98,#99);
#97 = CARTESIAN_POINT('',(0.,0.,0.));
#98 = DIRECTION('',(0.,0.,1.));
#99 = DIRECTION('',(1.,0.,0.));
#100 = AXIS2_PLACEMENT_3D('',#101,#102,#103);
#101 = CARTESIAN_POINT('',(0.,0.,0.));
#102 = DIRECTION('',(0.,0.,1.));
#103 = DIRECTION('',(1.,0.,0.));
#104 = AXIS2_PLACEMENT_3D('',#105,#106,#107);
#105 = CARTESIAN_POINT('',(0.,0.,0.));
#106 = DIRECTION('',(0.,0.,1.));
#107 = DIRECTION('',(1.,0.,0.));
#108 = AXIS2_PLACEMENT_3D('',#109,#110,#111);
#109 = CARTESIAN_POINT('',(0.,0.,0.));
#110 = DIRECTION('',(0.,0.,1.));
#111 = DIRECTION('',(1.,0.,0.));
#112 = AXIS2_PLACEMENT_3D('',#113,#114,#115);
#113 = CARTESIAN_POINT('',(0.,0.,0.));
#114 = DIRECTION('',(0.,0.,1.));
#115 = DIRECTION('',(1.,0.,0.));
#116 = ( GEOMETRIC_REPRESENTATION_CONTEXT(3) 
GLOBAL_UNCERTAINTY_ASSIGNED_CONTEXT((#120)) GLOBAL_UNIT_ASSIGNED_CONTEXT
((#117,#118,#119)) REPRESENTATION_CONTEXT('Context #1',
  '3D Context with UNIT and UNCERTAINTY') );
#117 = ( LENGTH_UNIT() NAMED_UNIT(*) SI_UNIT(.MILLI.,.METRE.) );
#118 = ( NAMED_UNIT(*) PLANE_ANGLE_UNIT() SI_UNIT($,.RADIAN.) );
#119 = ( NAMED_UNIT(*) SI_UNIT($,.STERADIAN.) SOLID_ANGLE_UNIT() );
#120 = UNCERTAINTY_MEASURE_WITH_UNIT(LENGTH_MEASURE(1.E-07),#117,
  'distance_accuracy_value','confusion accuracy');
#121 = CONTEXT_DEPENDENT_SHAPE_REPRESENTATION(#122,#124);
#122 = ( REPRESENTATION_RELATIONSHIP('','',#67,#44) 
REPRESENTATION_RELATIONSHIP_WITH_TRANSFORMATION(#123) 
SHAPE_REPRESENTATION_RELATIONSHIP() );
#123 = ITEM_DEFINED_TRANSFORMATION('','',#11,#45);
#124 = PRODUCT_DEFINITION_SHAPE('Placement','Placement of an item',#125
  );
#125 = NEXT_ASSEMBLY_USAGE_OCCURRENCE('13','=>[0:1:1:3]','',#39,#62,$);
#126 = PRODUCT_RELATED_PRODUCT_CATEGORY('part',$,(#64));
#127 = SHAPE_DEFINITION_REPRESENTATION(#128,#134);
#128 = PRODUCT_DEFINITION_SHAPE('','',#129);
#129 = PRODUCT_DEFINITION('design','',#130,#133);
#130 = PRODUCT_DEFINITION_FORMATION('','',#131);
#131 = PRODUCT('black_plastic_body','black_plastic_body','',(#132));
#132 = PRODUCT_CONTEXT('',#2,'mechanical');
#133 = PRODUCT_DEFINITION_CONTEXT('part definition',#2,'design');
#134 = ADVANCED_BREP_SHAPE_REPRESENTATION('',(#11,#135),#838);
#135 = MANIFOLD_SOLID_BREP('',#136);
#136 = CLOSED_SHELL('',(#137,#177,#244,#269,#302,#421,#449,#473,#490,
    #513,#525,#549,#573,#606,#630,#655,#679,#704,#728,#754,#779,#796,
    #813,#829));
#137 = ADVANCED_FACE('',(#138),#172,.F.);
#138 = FACE_BOUND('',#139,.F.);
#139 = EDGE_LOOP('',(#140,#150,#158,#166));
#140 = ORIENTED_EDGE('',*,*,#141,.F.);
#141 = EDGE_CURVE('',#142,#144,#146,.T.);
#142 = VERTEX_POINT('',#143);
#143 = CARTESIAN_POINT('',(-4.95,0.25,9.8));
#144 = VERTEX_POINT('',#145);
#145 = CARTESIAN_POINT('',(-4.95,0.9,9.8));
#146 = LINE('',#147,#148);
#147 = CARTESIAN_POINT('',(-4.95,0.,9.8));
#148 = VECTOR('',#149,1.);
#149 = DIRECTION('',(0.,1.,0.));
#150 = ORIENTED_EDGE('',*,*,#151,.F.);
#151 = EDGE_CURVE('',#152,#142,#154,.T.);
#152 = VERTEX_POINT('',#153);
#153 = CARTESIAN_POINT('',(-4.95,0.25,0.));
#154 = LINE('',#155,#156);
#155 = CARTESIAN_POINT('',(-4.95,0.25,0.));
#156 = VECTOR('',#157,1.);
#157 = DIRECTION('',(0.,0.,1.));
#158 = ORIENTED_EDGE('',*,*,#159,.T.);
#159 = EDGE_CURVE('',#152,#160,#162,.T.);
#160 = VERTEX_POINT('',#161);
#161 = CARTESIAN_POINT('',(-4.95,0.9,0.));
#162 = LINE('',#163,#164);
#163 = CARTESIAN_POINT('',(-4.95,0.,0.));
#164 = VECTOR('',#165,1.);
#165 = DIRECTION('',(0.,1.,0.));
#166 = ORIENTED_EDGE('',*,*,#167,.T.);
#167 = EDGE_CURVE('',#160,#144,#168,.T.);
#168 = LINE('',#169,#170);
#169 = CARTESIAN_POINT('',(-4.95,0.9,0.));
#170 = VECTOR('',#171,1.);
#171 = DIRECTION('',(0.,0.,1.));
#172 = PLANE('',#173);
#173 = AXIS2_PLACEMENT_3D('',#174,#175,#176);
#174 = CARTESIAN_POINT('',(-4.95,0.,0.));
#175 = DIRECTION('',(1.,0.,0.));
#176 = DIRECTION('',(0.,0.,1.));
#177 = ADVANCED_FACE('',(#178),#239,.T.);
#178 = FACE_BOUND('',#179,.T.);
#179 = EDGE_LOOP('',(#180,#181,#190,#198,#207,#215,#224,#232));
#180 = ORIENTED_EDGE('',*,*,#141,.F.);
#181 = ORIENTED_EDGE('',*,*,#182,.T.);
#182 = EDGE_CURVE('',#142,#183,#185,.T.);
#183 = VERTEX_POINT('',#184);
#184 = CARTESIAN_POINT('',(-4.7,-5.551115123126E-17,9.8));
#185 = CIRCLE('',#186,0.25);
#186 = AXIS2_PLACEMENT_3D('',#187,#188,#189);
#187 = CARTESIAN_POINT('',(-4.7,0.25,9.8));
#188 = DIRECTION('',(0.,0.,1.));
#189 = DIRECTION('',(0.,-1.,0.));
#190 = ORIENTED_EDGE('',*,*,#191,.T.);
#191 = EDGE_CURVE('',#183,#192,#194,.T.);
#192 = VERTEX_POINT('',#193);
#193 = CARTESIAN_POINT('',(4.7,-5.551115123126E-17,9.8));
#194 = LINE('',#195,#196);
#195 = CARTESIAN_POINT('',(-4.95,0.,9.8));
#196 = VECTOR('',#197,1.);
#197 = DIRECTION('',(1.,0.,0.));
#198 = ORIENTED_EDGE('',*,*,#199,.F.);
#199 = EDGE_CURVE('',#200,#192,#202,.T.);
#200 = VERTEX_POINT('',#201);
#201 = CARTESIAN_POINT('',(4.95,0.25,9.8));
#202 = CIRCLE('',#203,0.25);
#203 = AXIS2_PLACEMENT_3D('',#204,#205,#206);
#204 = CARTESIAN_POINT('',(4.7,0.25,9.8));
#205 = DIRECTION('',(-0.,-0.,-1.));
#206 = DIRECTION('',(0.,-1.,0.));
#207 = ORIENTED_EDGE('',*,*,#208,.T.);
#208 = EDGE_CURVE('',#200,#209,#211,.T.);
#209 = VERTEX_POINT('',#210);
#210 = CARTESIAN_POINT('',(4.95,0.9,9.8));
#211 = LINE('',#212,#213);
#212 = CARTESIAN_POINT('',(4.95,0.,9.8));
#213 = VECTOR('',#214,1.);
#214 = DIRECTION('',(0.,1.,0.));
#215 = ORIENTED_EDGE('',*,*,#216,.T.);
#216 = EDGE_CURVE('',#209,#217,#219,.T.);
#217 = VERTEX_POINT('',#218);
#218 = CARTESIAN_POINT('',(4.7,1.15,9.8));
#219 = CIRCLE('',#220,0.25);
#220 = AXIS2_PLACEMENT_3D('',#221,#222,#223);
#221 = CARTESIAN_POINT('',(4.7,0.9,9.8));
#222 = DIRECTION('',(0.,0.,1.));
#223 = DIRECTION('',(0.,-1.,0.));
#224 = ORIENTED_EDGE('',*,*,#225,.F.);
#225 = EDGE_CURVE('',#226,#217,#228,.T.);
#226 = VERTEX_POINT('',#227);
#227 = CARTESIAN_POINT('',(-4.7,1.15,9.8));
#228 = LINE('',#229,#230);
#229 = CARTESIAN_POINT('',(-4.95,1.15,9.8));
#230 = VECTOR('',#231,1.);
#231 = DIRECTION('',(1.,0.,0.));
#232 = ORIENTED_EDGE('',*,*,#233,.F.);
#233 = EDGE_CURVE('',#144,#226,#234,.T.);
#234 = CIRCLE('',#235,0.25);
#235 = AXIS2_PLACEMENT_3D('',#236,#237,#238);
#236 = CARTESIAN_POINT('',(-4.7,0.9,9.8));
#237 = DIRECTION('',(-0.,-0.,-1.));
#238 = DIRECTION('',(0.,-1.,0.));
#239 = PLANE('',#240);
#240 = AXIS2_PLACEMENT_3D('',#241,#242,#243);
#241 = CARTESIAN_POINT('',(-4.95,0.,9.8));
#242 = DIRECTION('',(0.,0.,1.));
#243 = DIRECTION('',(1.,0.,-0.));
#244 = ADVANCED_FACE('',(#245),#264,.T.);
#245 = FACE_BOUND('',#246,.T.);
#246 = EDGE_LOOP('',(#247,#256,#262,#263));
#247 = ORIENTED_EDGE('',*,*,#248,.T.);
#248 = EDGE_CURVE('',#152,#249,#251,.T.);
#249 = VERTEX_POINT('',#250);
#250 = CARTESIAN_POINT('',(-4.7,-5.551115123126E-17,0.));
#251 = CIRCLE('',#252,0.25);
#252 = AXIS2_PLACEMENT_3D('',#253,#254,#255);
#253 = CARTESIAN_POINT('',(-4.7,0.25,0.));
#254 = DIRECTION('',(0.,0.,1.));
#255 = DIRECTION('',(0.,-1.,0.));
#256 = ORIENTED_EDGE('',*,*,#257,.T.);
#257 = EDGE_CURVE('',#249,#183,#258,.T.);
#258 = LINE('',#259,#260);
#259 = CARTESIAN_POINT('',(-4.7,-5.551115123126E-17,0.));
#260 = VECTOR('',#261,1.);
#261 = DIRECTION('',(0.,0.,1.));
#262 = ORIENTED_EDGE('',*,*,#182,.F.);
#263 = ORIENTED_EDGE('',*,*,#151,.F.);
#264 = CYLINDRICAL_SURFACE('',#265,0.25);
#265 = AXIS2_PLACEMENT_3D('',#266,#267,#268);
#266 = CARTESIAN_POINT('',(-4.7,0.25,0.));
#267 = DIRECTION('',(0.,0.,1.));
#268 = DIRECTION('',(-1.,-0.,0.));
#269 = ADVANCED_FACE('',(#270),#297,.T.);
#270 = FACE_BOUND('',#271,.T.);
#271 = EDGE_LOOP('',(#272,#273,#274,#282,#290));
#272 = ORIENTED_EDGE('',*,*,#167,.T.);
#273 = ORIENTED_EDGE('',*,*,#233,.T.);
#274 = ORIENTED_EDGE('',*,*,#275,.F.);
#275 = EDGE_CURVE('',#276,#226,#278,.T.);
#276 = VERTEX_POINT('',#277);
#277 = CARTESIAN_POINT('',(-4.7,1.15,9.55));
#278 = LINE('',#279,#280);
#279 = CARTESIAN_POINT('',(-4.7,1.15,0.));
#280 = VECTOR('',#281,1.);
#281 = DIRECTION('',(0.,0.,1.));
#282 = ORIENTED_EDGE('',*,*,#283,.F.);
#283 = EDGE_CURVE('',#284,#276,#286,.T.);
#284 = VERTEX_POINT('',#285);
#285 = CARTESIAN_POINT('',(-4.7,1.15,0.));
#286 = LINE('',#287,#288);
#287 = CARTESIAN_POINT('',(-4.7,1.15,0.));
#288 = VECTOR('',#289,1.);
#289 = DIRECTION('',(0.,0.,1.));
#290 = ORIENTED_EDGE('',*,*,#291,.F.);
#291 = EDGE_CURVE('',#160,#284,#292,.T.);
#292 = CIRCLE('',#293,0.25);
#293 = AXIS2_PLACEMENT_3D('',#294,#295,#296);
#294 = CARTESIAN_POINT('',(-4.7,0.9,0.));
#295 = DIRECTION('',(-0.,-0.,-1.));
#296 = DIRECTION('',(0.,-1.,0.));
#297 = CYLINDRICAL_SURFACE('',#298,0.25);
#298 = AXIS2_PLACEMENT_3D('',#299,#300,#301);
#299 = CARTESIAN_POINT('',(-4.7,0.9,0.));
#300 = DIRECTION('',(0.,0.,1.));
#301 = DIRECTION('',(-1.,-0.,0.));
#302 = ADVANCED_FACE('',(#303),#416,.F.);
#303 = FACE_BOUND('',#304,.F.);
#304 = EDGE_LOOP('',(#305,#306,#307,#315,#324,#332,#341,#349,#358,#366,
    #375,#383,#392,#400,#409,#415));
#305 = ORIENTED_EDGE('',*,*,#159,.F.);
#306 = ORIENTED_EDGE('',*,*,#248,.T.);
#307 = ORIENTED_EDGE('',*,*,#308,.T.);
#308 = EDGE_CURVE('',#249,#309,#311,.T.);
#309 = VERTEX_POINT('',#310);
#310 = CARTESIAN_POINT('',(4.7,-5.551115123126E-17,0.));
#311 = LINE('',#312,#313);
#312 = CARTESIAN_POINT('',(-4.95,0.,0.));
#313 = VECTOR('',#314,1.);
#314 = DIRECTION('',(1.,0.,0.));
#315 = ORIENTED_EDGE('',*,*,#316,.F.);
#316 = EDGE_CURVE('',#317,#309,#319,.T.);
#317 = VERTEX_POINT('',#318);
#318 = CARTESIAN_POINT('',(4.95,0.25,0.));
#319 = CIRCLE('',#320,0.25);
#320 = AXIS2_PLACEMENT_3D('',#321,#322,#323);
#321 = CARTESIAN_POINT('',(4.7,0.25,0.));
#322 = DIRECTION('',(-0.,-0.,-1.));
#323 = DIRECTION('',(0.,-1.,0.));
#324 = ORIENTED_EDGE('',*,*,#325,.T.);
#325 = EDGE_CURVE('',#317,#326,#328,.T.);
#326 = VERTEX_POINT('',#327);
#327 = CARTESIAN_POINT('',(4.95,0.9,0.));
#328 = LINE('',#329,#330);
#329 = CARTESIAN_POINT('',(4.95,0.,0.));
#330 = VECTOR('',#331,1.);
#331 = DIRECTION('',(0.,1.,0.));
#332 = ORIENTED_EDGE('',*,*,#333,.T.);
#333 = EDGE_CURVE('',#326,#334,#336,.T.);
#334 = VERTEX_POINT('',#335);
#335 = CARTESIAN_POINT('',(4.7,1.15,0.));
#336 = CIRCLE('',#337,0.25);
#337 = AXIS2_PLACEMENT_3D('',#338,#339,#340);
#338 = CARTESIAN_POINT('',(4.7,0.9,0.));
#339 = DIRECTION('',(0.,0.,1.));
#340 = DIRECTION('',(0.,-1.,0.));
#341 = ORIENTED_EDGE('',*,*,#342,.T.);
#342 = EDGE_CURVE('',#334,#343,#345,.T.);
#343 = VERTEX_POINT('',#344);
#344 = CARTESIAN_POINT('',(4.7,11.65,0.));
#345 = LINE('',#346,#347);
#346 = CARTESIAN_POINT('',(4.7,1.15,0.));
#347 = VECTOR('',#348,1.);
#348 = DIRECTION('',(0.,1.,0.));
#349 = ORIENTED_EDGE('',*,*,#350,.F.);
#350 = EDGE_CURVE('',#351,#343,#353,.T.);
#351 = VERTEX_POINT('',#352);
#352 = CARTESIAN_POINT('',(4.95,11.9,0.));
#353 = CIRCLE('',#354,0.25);
#354 = AXIS2_PLACEMENT_3D('',#355,#356,#357);
#355 = CARTESIAN_POINT('',(4.7,11.9,0.));
#356 = DIRECTION('',(-0.,-0.,-1.));
#357 = DIRECTION('',(0.,-1.,0.));
#358 = ORIENTED_EDGE('',*,*,#359,.T.);
#359 = EDGE_CURVE('',#351,#360,#362,.T.);
#360 = VERTEX_POINT('',#361);
#361 = CARTESIAN_POINT('',(4.95,12.15,0.));
#362 = LINE('',#363,#364);
#363 = CARTESIAN_POINT('',(4.95,11.65,0.));
#364 = VECTOR('',#365,1.);
#365 = DIRECTION('',(0.,1.,0.));
#366 = ORIENTED_EDGE('',*,*,#367,.T.);
#367 = EDGE_CURVE('',#360,#368,#370,.T.);
#368 = VERTEX_POINT('',#369);
#369 = CARTESIAN_POINT('',(4.7,12.4,0.));
#370 = CIRCLE('',#371,0.25);
#371 = AXIS2_PLACEMENT_3D('',#372,#373,#374);
#372 = CARTESIAN_POINT('',(4.7,12.15,0.));
#373 = DIRECTION('',(0.,0.,1.));
#374 = DIRECTION('',(0.,-1.,0.));
#375 = ORIENTED_EDGE('',*,*,#376,.F.);
#376 = EDGE_CURVE('',#377,#368,#379,.T.);
#377 = VERTEX_POINT('',#378);
#378 = CARTESIAN_POINT('',(-4.7,12.4,0.));
#379 = LINE('',#380,#381);
#380 = CARTESIAN_POINT('',(-4.95,12.4,0.));
#381 = VECTOR('',#382,1.);
#382 = DIRECTION('',(1.,0.,0.));
#383 = ORIENTED_EDGE('',*,*,#384,.F.);
#384 = EDGE_CURVE('',#385,#377,#387,.T.);
#385 = VERTEX_POINT('',#386);
#386 = CARTESIAN_POINT('',(-4.95,12.15,0.));
#387 = CIRCLE('',#388,0.25);
#388 = AXIS2_PLACEMENT_3D('',#389,#390,#391);
#389 = CARTESIAN_POINT('',(-4.7,12.15,0.));
#390 = DIRECTION('',(-0.,-0.,-1.));
#391 = DIRECTION('',(0.,-1.,0.));
#392 = ORIENTED_EDGE('',*,*,#393,.F.);
#393 = EDGE_CURVE('',#394,#385,#396,.T.);
#394 = VERTEX_POINT('',#395);
#395 = CARTESIAN_POINT('',(-4.95,11.9,0.));
#396 = LINE('',#397,#398);
#397 = CARTESIAN_POINT('',(-4.95,11.65,0.));
#398 = VECTOR('',#399,1.);
#399 = DIRECTION('',(0.,1.,0.));
#400 = ORIENTED_EDGE('',*,*,#401,.T.);
#401 = EDGE_CURVE('',#394,#402,#404,.T.);
#402 = VERTEX_POINT('',#403);
#403 = CARTESIAN_POINT('',(-4.7,11.65,0.));
#404 = CIRCLE('',#405,0.25);
#405 = AXIS2_PLACEMENT_3D('',#406,#407,#408);
#406 = CARTESIAN_POINT('',(-4.7,11.9,0.));
#407 = DIRECTION('',(0.,0.,1.));
#408 = DIRECTION('',(0.,-1.,0.));
#409 = ORIENTED_EDGE('',*,*,#410,.F.);
#410 = EDGE_CURVE('',#284,#402,#411,.T.);
#411 = LINE('',#412,#413);
#412 = CARTESIAN_POINT('',(-4.7,1.15,0.));
#413 = VECTOR('',#414,1.);
#414 = DIRECTION('',(0.,1.,0.));
#415 = ORIENTED_EDGE('',*,*,#291,.F.);
#416 = PLANE('',#417);
#417 = AXIS2_PLACEMENT_3D('',#418,#419,#420);
#418 = CARTESIAN_POINT('',(-4.95,0.,0.));
#419 = DIRECTION('',(0.,0.,1.));
#420 = DIRECTION('',(1.,0.,-0.));
#421 = ADVANCED_FACE('',(#422,#433),#444,.F.);
#422 = FACE_BOUND('',#423,.F.);
#423 = EDGE_LOOP('',(#424,#425,#426,#427));
#424 = ORIENTED_EDGE('',*,*,#308,.F.);
#425 = ORIENTED_EDGE('',*,*,#257,.T.);
#426 = ORIENTED_EDGE('',*,*,#191,.T.);
#427 = ORIENTED_EDGE('',*,*,#428,.F.);
#428 = EDGE_CURVE('',#309,#192,#429,.T.);
#429 = LINE('',#430,#431);
#430 = CARTESIAN_POINT('',(4.7,-5.551115123126E-17,0.));
#431 = VECTOR('',#432,1.);
#432 = DIRECTION('',(0.,0.,1.));
#433 = FACE_BOUND('',#434,.F.);
#434 = EDGE_LOOP('',(#435));
#435 = ORIENTED_EDGE('',*,*,#436,.F.);
#436 = EDGE_CURVE('',#437,#437,#439,.T.);
#437 = VERTEX_POINT('',#438);
#438 = CARTESIAN_POINT('',(-9.184850993605E-16,0.,8.65));
#439 = CIRCLE('',#440,3.75);
#440 = AXIS2_PLACEMENT_3D('',#441,#442,#443);
#441 = CARTESIAN_POINT('',(0.,0.,4.9));
#442 = DIRECTION('',(0.,1.,0.));
#443 = DIRECTION('',(0.,-0.,1.));
#444 = PLANE('',#445);
#445 = AXIS2_PLACEMENT_3D('',#446,#447,#448);
#446 = CARTESIAN_POINT('',(-4.95,0.,0.));
#447 = DIRECTION('',(0.,1.,0.));
#448 = DIRECTION('',(0.,-0.,1.));
#449 = ADVANCED_FACE('',(#450),#468,.T.);
#450 = FACE_BOUND('',#451,.T.);
#451 = EDGE_LOOP('',(#452,#460,#461,#462));
#452 = ORIENTED_EDGE('',*,*,#453,.F.);
#453 = EDGE_CURVE('',#276,#454,#456,.T.);
#454 = VERTEX_POINT('',#455);
#455 = CARTESIAN_POINT('',(4.7,1.15,9.55));
#456 = LINE('',#457,#458);
#457 = CARTESIAN_POINT('',(-4.7,1.15,9.55));
#458 = VECTOR('',#459,1.);
#459 = DIRECTION('',(1.,0.,0.));
#460 = ORIENTED_EDGE('',*,*,#275,.T.);
#461 = ORIENTED_EDGE('',*,*,#225,.T.);
#462 = ORIENTED_EDGE('',*,*,#463,.F.);
#463 = EDGE_CURVE('',#454,#217,#464,.T.);
#464 = LINE('',#465,#466);
#465 = CARTESIAN_POINT('',(4.7,1.15,0.));
#466 = VECTOR('',#467,1.);
#467 = DIRECTION('',(0.,0.,1.));
#468 = PLANE('',#469);
#469 = AXIS2_PLACEMENT_3D('',#470,#471,#472);
#470 = CARTESIAN_POINT('',(-4.95,1.15,0.));
#471 = DIRECTION('',(0.,1.,0.));
#472 = DIRECTION('',(0.,-0.,1.));
#473 = ADVANCED_FACE('',(#474),#485,.T.);
#474 = FACE_BOUND('',#475,.T.);
#475 = EDGE_LOOP('',(#476,#482,#483,#484));
#476 = ORIENTED_EDGE('',*,*,#477,.T.);
#477 = EDGE_CURVE('',#317,#200,#478,.T.);
#478 = LINE('',#479,#480);
#479 = CARTESIAN_POINT('',(4.95,0.25,0.));
#480 = VECTOR('',#481,1.);
#481 = DIRECTION('',(0.,0.,1.));
#482 = ORIENTED_EDGE('',*,*,#199,.T.);
#483 = ORIENTED_EDGE('',*,*,#428,.F.);
#484 = ORIENTED_EDGE('',*,*,#316,.F.);
#485 = CYLINDRICAL_SURFACE('',#486,0.25);
#486 = AXIS2_PLACEMENT_3D('',#487,#488,#489);
#487 = CARTESIAN_POINT('',(4.7,0.25,0.));
#488 = DIRECTION('',(0.,0.,1.));
#489 = DIRECTION('',(1.,0.,-0.));
#490 = ADVANCED_FACE('',(#491),#508,.T.);
#491 = FACE_BOUND('',#492,.T.);
#492 = EDGE_LOOP('',(#493,#494,#500,#501,#502));
#493 = ORIENTED_EDGE('',*,*,#333,.T.);
#494 = ORIENTED_EDGE('',*,*,#495,.T.);
#495 = EDGE_CURVE('',#334,#454,#496,.T.);
#496 = LINE('',#497,#498);
#497 = CARTESIAN_POINT('',(4.7,1.15,0.));
#498 = VECTOR('',#499,1.);
#499 = DIRECTION('',(0.,0.,1.));
#500 = ORIENTED_EDGE('',*,*,#463,.T.);
#501 = ORIENTED_EDGE('',*,*,#216,.F.);
#502 = ORIENTED_EDGE('',*,*,#503,.F.);
#503 = EDGE_CURVE('',#326,#209,#504,.T.);
#504 = LINE('',#505,#506);
#505 = CARTESIAN_POINT('',(4.95,0.9,0.));
#506 = VECTOR('',#507,1.);
#507 = DIRECTION('',(0.,0.,1.));
#508 = CYLINDRICAL_SURFACE('',#509,0.25);
#509 = AXIS2_PLACEMENT_3D('',#510,#511,#512);
#510 = CARTESIAN_POINT('',(4.7,0.9,0.));
#511 = DIRECTION('',(0.,0.,1.));
#512 = DIRECTION('',(1.,0.,-0.));
#513 = ADVANCED_FACE('',(#514),#520,.T.);
#514 = FACE_BOUND('',#515,.T.);
#515 = EDGE_LOOP('',(#516,#517,#518,#519));
#516 = ORIENTED_EDGE('',*,*,#208,.F.);
#517 = ORIENTED_EDGE('',*,*,#477,.F.);
#518 = ORIENTED_EDGE('',*,*,#325,.T.);
#519 = ORIENTED_EDGE('',*,*,#503,.T.);
#520 = PLANE('',#521);
#521 = AXIS2_PLACEMENT_3D('',#522,#523,#524);
#522 = CARTESIAN_POINT('',(4.95,0.,0.));
#523 = DIRECTION('',(1.,0.,0.));
#524 = DIRECTION('',(0.,0.,1.));
#525 = ADVANCED_FACE('',(#526),#544,.F.);
#526 = FACE_BOUND('',#527,.F.);
#527 = EDGE_LOOP('',(#528,#529,#530,#538));
#528 = ORIENTED_EDGE('',*,*,#283,.F.);
#529 = ORIENTED_EDGE('',*,*,#410,.T.);
#530 = ORIENTED_EDGE('',*,*,#531,.T.);
#531 = EDGE_CURVE('',#402,#532,#534,.T.);
#532 = VERTEX_POINT('',#533);
#533 = CARTESIAN_POINT('',(-4.7,11.65,9.55));
#534 = LINE('',#535,#536);
#535 = CARTESIAN_POINT('',(-4.7,11.65,0.));
#536 = VECTOR('',#537,1.);
#537 = DIRECTION('',(0.,0.,1.));
#538 = ORIENTED_EDGE('',*,*,#539,.F.);
#539 = EDGE_CURVE('',#276,#532,#540,.T.);
#540 = LINE('',#541,#542);
#541 = CARTESIAN_POINT('',(-4.7,1.15,9.55));
#542 = VECTOR('',#543,1.);
#543 = DIRECTION('',(0.,1.,0.));
#544 = PLANE('',#545);
#545 = AXIS2_PLACEMENT_3D('',#546,#547,#548);
#546 = CARTESIAN_POINT('',(-4.7,1.15,0.));
#547 = DIRECTION('',(1.,0.,0.));
#548 = DIRECTION('',(0.,0.,1.));
#549 = ADVANCED_FACE('',(#550),#568,.T.);
#550 = FACE_BOUND('',#551,.T.);
#551 = EDGE_LOOP('',(#552,#553,#554,#562));
#552 = ORIENTED_EDGE('',*,*,#495,.F.);
#553 = ORIENTED_EDGE('',*,*,#342,.T.);
#554 = ORIENTED_EDGE('',*,*,#555,.T.);
#555 = EDGE_CURVE('',#343,#556,#558,.T.);
#556 = VERTEX_POINT('',#557);
#557 = CARTESIAN_POINT('',(4.7,11.65,9.55));
#558 = LINE('',#559,#560);
#559 = CARTESIAN_POINT('',(4.7,11.65,0.));
#560 = VECTOR('',#561,1.);
#561 = DIRECTION('',(0.,0.,1.));
#562 = ORIENTED_EDGE('',*,*,#563,.F.);
#563 = EDGE_CURVE('',#454,#556,#564,.T.);
#564 = LINE('',#565,#566);
#565 = CARTESIAN_POINT('',(4.7,1.15,9.55));
#566 = VECTOR('',#567,1.);
#567 = DIRECTION('',(0.,1.,0.));
#568 = PLANE('',#569);
#569 = AXIS2_PLACEMENT_3D('',#570,#571,#572);
#570 = CARTESIAN_POINT('',(4.7,1.15,0.));
#571 = DIRECTION('',(1.,0.,0.));
#572 = DIRECTION('',(0.,0.,1.));
#573 = ADVANCED_FACE('',(#574),#601,.T.);
#574 = FACE_BOUND('',#575,.T.);
#575 = EDGE_LOOP('',(#576,#584,#593,#599,#600));
#576 = ORIENTED_EDGE('',*,*,#577,.T.);
#577 = EDGE_CURVE('',#351,#578,#580,.T.);
#578 = VERTEX_POINT('',#579);
#579 = CARTESIAN_POINT('',(4.95,11.9,9.8));
#580 = LINE('',#581,#582);
#581 = CARTESIAN_POINT('',(4.95,11.9,0.));
#582 = VECTOR('',#583,1.);
#583 = DIRECTION('',(0.,0.,1.));
#584 = ORIENTED_EDGE('',*,*,#585,.T.);
#585 = EDGE_CURVE('',#578,#586,#588,.T.);
#586 = VERTEX_POINT('',#587);
#587 = CARTESIAN_POINT('',(4.7,11.65,9.8));
#588 = CIRCLE('',#589,0.25);
#589 = AXIS2_PLACEMENT_3D('',#590,#591,#592);
#590 = CARTESIAN_POINT('',(4.7,11.9,9.8));
#591 = DIRECTION('',(-0.,-0.,-1.));
#592 = DIRECTION('',(0.,-1.,0.));
#593 = ORIENTED_EDGE('',*,*,#594,.F.);
#594 = EDGE_CURVE('',#556,#586,#595,.T.);
#595 = LINE('',#596,#597);
#596 = CARTESIAN_POINT('',(4.7,11.65,0.));
#597 = VECTOR('',#598,1.);
#598 = DIRECTION('',(0.,0.,1.));
#599 = ORIENTED_EDGE('',*,*,#555,.F.);
#600 = ORIENTED_EDGE('',*,*,#350,.F.);
#601 = CYLINDRICAL_SURFACE('',#602,0.25);
#602 = AXIS2_PLACEMENT_3D('',#603,#604,#605);
#603 = CARTESIAN_POINT('',(4.7,11.9,0.));
#604 = DIRECTION('',(0.,0.,1.));
#605 = DIRECTION('',(1.,0.,-0.));
#606 = ADVANCED_FACE('',(#607),#625,.T.);
#607 = FACE_BOUND('',#608,.T.);
#608 = EDGE_LOOP('',(#609,#617,#618,#619));
#609 = ORIENTED_EDGE('',*,*,#610,.F.);
#610 = EDGE_CURVE('',#578,#611,#613,.T.);
#611 = VERTEX_POINT('',#612);
#612 = CARTESIAN_POINT('',(4.95,12.15,9.8));
#613 = LINE('',#614,#615);
#614 = CARTESIAN_POINT('',(4.95,11.65,9.8));
#615 = VECTOR('',#616,1.);
#616 = DIRECTION('',(0.,1.,0.));
#617 = ORIENTED_EDGE('',*,*,#577,.F.);
#618 = ORIENTED_EDGE('',*,*,#359,.T.);
#619 = ORIENTED_EDGE('',*,*,#620,.T.);
#620 = EDGE_CURVE('',#360,#611,#621,.T.);
#621 = LINE('',#622,#623);
#622 = CARTESIAN_POINT('',(4.95,12.15,0.));
#623 = VECTOR('',#624,1.);
#624 = DIRECTION('',(0.,0.,1.));
#625 = PLANE('',#626);
#626 = AXIS2_PLACEMENT_3D('',#627,#628,#629);
#627 = CARTESIAN_POINT('',(4.95,11.65,0.));
#628 = DIRECTION('',(1.,0.,0.));
#629 = DIRECTION('',(0.,0.,1.));
#630 = ADVANCED_FACE('',(#631),#650,.T.);
#631 = FACE_BOUND('',#632,.T.);
#632 = EDGE_LOOP('',(#633,#634,#642,#649));
#633 = ORIENTED_EDGE('',*,*,#367,.T.);
#634 = ORIENTED_EDGE('',*,*,#635,.T.);
#635 = EDGE_CURVE('',#368,#636,#638,.T.);
#636 = VERTEX_POINT('',#637);
#637 = CARTESIAN_POINT('',(4.7,12.4,9.8));
#638 = LINE('',#639,#640);
#639 = CARTESIAN_POINT('',(4.7,12.4,0.));
#640 = VECTOR('',#641,1.);
#641 = DIRECTION('',(0.,0.,1.));
#642 = ORIENTED_EDGE('',*,*,#643,.F.);
#643 = EDGE_CURVE('',#611,#636,#644,.T.);
#644 = CIRCLE('',#645,0.25);
#645 = AXIS2_PLACEMENT_3D('',#646,#647,#648);
#646 = CARTESIAN_POINT('',(4.7,12.15,9.8));
#647 = DIRECTION('',(0.,0.,1.));
#648 = DIRECTION('',(0.,-1.,0.));
#649 = ORIENTED_EDGE('',*,*,#620,.F.);
#650 = CYLINDRICAL_SURFACE('',#651,0.25);
#651 = AXIS2_PLACEMENT_3D('',#652,#653,#654);
#652 = CARTESIAN_POINT('',(4.7,12.15,0.));
#653 = DIRECTION('',(0.,0.,1.));
#654 = DIRECTION('',(1.,0.,-0.));
#655 = ADVANCED_FACE('',(#656),#674,.T.);
#656 = FACE_BOUND('',#657,.T.);
#657 = EDGE_LOOP('',(#658,#659,#667,#673));
#658 = ORIENTED_EDGE('',*,*,#376,.F.);
#659 = ORIENTED_EDGE('',*,*,#660,.T.);
#660 = EDGE_CURVE('',#377,#661,#663,.T.);
#661 = VERTEX_POINT('',#662);
#662 = CARTESIAN_POINT('',(-4.7,12.4,9.8));
#663 = LINE('',#664,#665);
#664 = CARTESIAN_POINT('',(-4.7,12.4,0.));
#665 = VECTOR('',#666,1.);
#666 = DIRECTION('',(0.,0.,1.));
#667 = ORIENTED_EDGE('',*,*,#668,.T.);
#668 = EDGE_CURVE('',#661,#636,#669,.T.);
#669 = LINE('',#670,#671);
#670 = CARTESIAN_POINT('',(-4.95,12.4,9.8));
#671 = VECTOR('',#672,1.);
#672 = DIRECTION('',(1.,0.,0.));
#673 = ORIENTED_EDGE('',*,*,#635,.F.);
#674 = PLANE('',#675);
#675 = AXIS2_PLACEMENT_3D('',#676,#677,#678);
#676 = CARTESIAN_POINT('',(-4.95,12.4,0.));
#677 = DIRECTION('',(0.,1.,0.));
#678 = DIRECTION('',(0.,-0.,1.));
#679 = ADVANCED_FACE('',(#680),#699,.T.);
#680 = FACE_BOUND('',#681,.T.);
#681 = EDGE_LOOP('',(#682,#690,#697,#698));
#682 = ORIENTED_EDGE('',*,*,#683,.T.);
#683 = EDGE_CURVE('',#385,#684,#686,.T.);
#684 = VERTEX_POINT('',#685);
#685 = CARTESIAN_POINT('',(-4.95,12.15,9.8));
#686 = LINE('',#687,#688);
#687 = CARTESIAN_POINT('',(-4.95,12.15,0.));
#688 = VECTOR('',#689,1.);
#689 = DIRECTION('',(0.,0.,1.));
#690 = ORIENTED_EDGE('',*,*,#691,.T.);
#691 = EDGE_CURVE('',#684,#661,#692,.T.);
#692 = CIRCLE('',#693,0.25);
#693 = AXIS2_PLACEMENT_3D('',#694,#695,#696);
#694 = CARTESIAN_POINT('',(-4.7,12.15,9.8));
#695 = DIRECTION('',(-0.,-0.,-1.));
#696 = DIRECTION('',(0.,-1.,0.));
#697 = ORIENTED_EDGE('',*,*,#660,.F.);
#698 = ORIENTED_EDGE('',*,*,#384,.F.);
#699 = CYLINDRICAL_SURFACE('',#700,0.25);
#700 = AXIS2_PLACEMENT_3D('',#701,#702,#703);
#701 = CARTESIAN_POINT('',(-4.7,12.15,0.));
#702 = DIRECTION('',(0.,0.,1.));
#703 = DIRECTION('',(-1.,-0.,0.));
#704 = ADVANCED_FACE('',(#705),#723,.F.);
#705 = FACE_BOUND('',#706,.F.);
#706 = EDGE_LOOP('',(#707,#715,#721,#722));
#707 = ORIENTED_EDGE('',*,*,#708,.F.);
#708 = EDGE_CURVE('',#709,#684,#711,.T.);
#709 = VERTEX_POINT('',#710);
#710 = CARTESIAN_POINT('',(-4.95,11.9,9.8));
#711 = LINE('',#712,#713);
#712 = CARTESIAN_POINT('',(-4.95,11.65,9.8));
#713 = VECTOR('',#714,1.);
#714 = DIRECTION('',(0.,1.,0.));
#715 = ORIENTED_EDGE('',*,*,#716,.F.);
#716 = EDGE_CURVE('',#394,#709,#717,.T.);
#717 = LINE('',#718,#719);
#718 = CARTESIAN_POINT('',(-4.95,11.9,0.));
#719 = VECTOR('',#720,1.);
#720 = DIRECTION('',(0.,0.,1.));
#721 = ORIENTED_EDGE('',*,*,#393,.T.);
#722 = ORIENTED_EDGE('',*,*,#683,.T.);
#723 = PLANE('',#724);
#724 = AXIS2_PLACEMENT_3D('',#725,#726,#727);
#725 = CARTESIAN_POINT('',(-4.95,11.65,0.));
#726 = DIRECTION('',(1.,0.,0.));
#727 = DIRECTION('',(0.,0.,1.));
#728 = ADVANCED_FACE('',(#729),#749,.T.);
#729 = FACE_BOUND('',#730,.T.);
#730 = EDGE_LOOP('',(#731,#732,#733,#741,#748));
#731 = ORIENTED_EDGE('',*,*,#401,.T.);
#732 = ORIENTED_EDGE('',*,*,#531,.T.);
#733 = ORIENTED_EDGE('',*,*,#734,.T.);
#734 = EDGE_CURVE('',#532,#735,#737,.T.);
#735 = VERTEX_POINT('',#736);
#736 = CARTESIAN_POINT('',(-4.7,11.65,9.8));
#737 = LINE('',#738,#739);
#738 = CARTESIAN_POINT('',(-4.7,11.65,0.));
#739 = VECTOR('',#740,1.);
#740 = DIRECTION('',(0.,0.,1.));
#741 = ORIENTED_EDGE('',*,*,#742,.F.);
#742 = EDGE_CURVE('',#709,#735,#743,.T.);
#743 = CIRCLE('',#744,0.25);
#744 = AXIS2_PLACEMENT_3D('',#745,#746,#747);
#745 = CARTESIAN_POINT('',(-4.7,11.9,9.8));
#746 = DIRECTION('',(0.,0.,1.));
#747 = DIRECTION('',(0.,-1.,0.));
#748 = ORIENTED_EDGE('',*,*,#716,.F.);
#749 = CYLINDRICAL_SURFACE('',#750,0.25);
#750 = AXIS2_PLACEMENT_3D('',#751,#752,#753);
#751 = CARTESIAN_POINT('',(-4.7,11.9,0.));
#752 = DIRECTION('',(0.,0.,1.));
#753 = DIRECTION('',(-1.,-0.,0.));
#754 = ADVANCED_FACE('',(#755),#774,.F.);
#755 = FACE_BOUND('',#756,.F.);
#756 = EDGE_LOOP('',(#757,#765,#772,#773));
#757 = ORIENTED_EDGE('',*,*,#758,.T.);
#758 = EDGE_CURVE('',#437,#759,#761,.T.);
#759 = VERTEX_POINT('',#760);
#760 = CARTESIAN_POINT('',(-9.184850993605E-16,8.65,8.65));
#761 = LINE('',#762,#763);
#762 = CARTESIAN_POINT('',(-9.184850993605E-16,-5.E-02,8.65));
#763 = VECTOR('',#764,1.);
#764 = DIRECTION('',(0.,1.,0.));
#765 = ORIENTED_EDGE('',*,*,#766,.F.);
#766 = EDGE_CURVE('',#759,#759,#767,.T.);
#767 = CIRCLE('',#768,3.75);
#768 = AXIS2_PLACEMENT_3D('',#769,#770,#771);
#769 = CARTESIAN_POINT('',(0.,8.65,4.9));
#770 = DIRECTION('',(0.,1.,0.));
#771 = DIRECTION('',(0.,-0.,1.));
#772 = ORIENTED_EDGE('',*,*,#758,.F.);
#773 = ORIENTED_EDGE('',*,*,#436,.T.);
#774 = CYLINDRICAL_SURFACE('',#775,3.75);
#775 = AXIS2_PLACEMENT_3D('',#776,#777,#778);
#776 = CARTESIAN_POINT('',(0.,-5.E-02,4.9));
#777 = DIRECTION('',(0.,1.,0.));
#778 = DIRECTION('',(0.,-0.,1.));
#779 = ADVANCED_FACE('',(#780),#791,.T.);
#780 = FACE_BOUND('',#781,.T.);
#781 = EDGE_LOOP('',(#782,#783,#784,#785));
#782 = ORIENTED_EDGE('',*,*,#539,.F.);
#783 = ORIENTED_EDGE('',*,*,#453,.T.);
#784 = ORIENTED_EDGE('',*,*,#563,.T.);
#785 = ORIENTED_EDGE('',*,*,#786,.F.);
#786 = EDGE_CURVE('',#532,#556,#787,.T.);
#787 = LINE('',#788,#789);
#788 = CARTESIAN_POINT('',(-4.7,11.65,9.55));
#789 = VECTOR('',#790,1.);
#790 = DIRECTION('',(1.,0.,0.));
#791 = PLANE('',#792);
#792 = AXIS2_PLACEMENT_3D('',#793,#794,#795);
#793 = CARTESIAN_POINT('',(-4.7,1.15,9.55));
#794 = DIRECTION('',(0.,0.,1.));
#795 = DIRECTION('',(1.,0.,-0.));
#796 = ADVANCED_FACE('',(#797),#808,.F.);
#797 = FACE_BOUND('',#798,.F.);
#798 = EDGE_LOOP('',(#799,#800,#801,#807));
#799 = ORIENTED_EDGE('',*,*,#786,.F.);
#800 = ORIENTED_EDGE('',*,*,#734,.T.);
#801 = ORIENTED_EDGE('',*,*,#802,.T.);
#802 = EDGE_CURVE('',#735,#586,#803,.T.);
#803 = LINE('',#804,#805);
#804 = CARTESIAN_POINT('',(-4.95,11.65,9.8));
#805 = VECTOR('',#806,1.);
#806 = DIRECTION('',(1.,0.,0.));
#807 = ORIENTED_EDGE('',*,*,#594,.F.);
#808 = PLANE('',#809);
#809 = AXIS2_PLACEMENT_3D('',#810,#811,#812);
#810 = CARTESIAN_POINT('',(-4.95,11.65,0.));
#811 = DIRECTION('',(0.,1.,0.));
#812 = DIRECTION('',(0.,-0.,1.));
#813 = ADVANCED_FACE('',(#814),#824,.T.);
#814 = FACE_BOUND('',#815,.T.);
#815 = EDGE_LOOP('',(#816,#817,#818,#819,#820,#821,#822,#823));
#816 = ORIENTED_EDGE('',*,*,#708,.F.);
#817 = ORIENTED_EDGE('',*,*,#742,.T.);
#818 = ORIENTED_EDGE('',*,*,#802,.T.);
#819 = ORIENTED_EDGE('',*,*,#585,.F.);
#820 = ORIENTED_EDGE('',*,*,#610,.T.);
#821 = ORIENTED_EDGE('',*,*,#643,.T.);
#822 = ORIENTED_EDGE('',*,*,#668,.F.);
#823 = ORIENTED_EDGE('',*,*,#691,.F.);
#824 = PLANE('',#825);
#825 = AXIS2_PLACEMENT_3D('',#826,#827,#828);
#826 = CARTESIAN_POINT('',(-4.95,11.65,9.8));
#827 = DIRECTION('',(0.,0.,1.));
#828 = DIRECTION('',(1.,0.,-0.));
#829 = ADVANCED_FACE('',(#830),#833,.F.);
#830 = FACE_BOUND('',#831,.F.);
#831 = EDGE_LOOP('',(#832));
#832 = ORIENTED_EDGE('',*,*,#766,.T.);
#833 = PLANE('',#834);
#834 = AXIS2_PLACEMENT_3D('',#835,#836,#837);
#835 = CARTESIAN_POINT('',(0.,8.65,4.9));
#836 = DIRECTION('',(0.,1.,0.));
#837 = DIRECTION('',(0.,-0.,1.));
#838 = ( GEOMETRIC_REPRESENTATION_CONTEXT(3) 
GLOBAL_UNCERTAINTY_ASSIGNED_CONTEXT((#842)) GLOBAL_UNIT_ASSIGNED_CONTEXT
((#839,#840,#841)) REPRESENTATION_CONTEXT('Context #1',
  '3D Context with UNIT and UNCERTAINTY') );
#839 = ( LENGTH_UNIT() NAMED_UNIT(*) SI_UNIT(.MILLI.,.METRE.) );
#840 = ( NAMED_UNIT(*) PLANE_ANGLE_UNIT() SI_UNIT($,.RADIAN.) );
#841 = ( NAMED_UNIT(*) SI_UNIT($,.STERADIAN.) SOLID_ANGLE_UNIT() );
#842 = UNCERTAINTY_MEASURE_WITH_UNIT(LENGTH_MEASURE(1.E-07),#839,
  'distance_accuracy_value','confusion accuracy');
#843 = CONTEXT_DEPENDENT_SHAPE_REPRESENTATION(#844,#846);
#844 = ( REPRESENTATION_RELATIONSHIP('','',#134,#67) 
REPRESENTATION_RELATIONSHIP_WITH_TRANSFORMATION(#845) 
SHAPE_REPRESENTATION_RELATIONSHIP() );
#845 = ITEM_DEFINED_TRANSFORMATION('','',#11,#68);
#846 = PRODUCT_DEFINITION_SHAPE('Placement','Placement of an item',#847
  );
#847 = NEXT_ASSEMBLY_USAGE_OCCURRENCE('1','black_plastic_body','',#62,
  #129,$);
#848 = PRODUCT_RELATED_PRODUCT_CATEGORY('part',$,(#131));
#849 = SHAPE_DEFINITION_REPRESENTATION(#850,#856);
#850 = PRODUCT_DEFINITION_SHAPE('','',#851);
#851 = PRODUCT_DEFINITION('design','',#852,#855);
#852 = PRODUCT_DEFINITION_FORMATION('','',#853);
#853 = PRODUCT('contiguous_stamped_shield_and_four_stakes',
  'contiguous_stamped_shield_and_four_stakes','',(#854));
#854 = PRODUCT_CONTEXT('',#2,'mechanical');
#855 = PRODUCT_DEFINITION_CONTEXT('part definition',#2,'design');
#856 = ADVANCED_BREP_SHAPE_REPRESENTATION('',(#11,#857),#1667);
#857 = MANIFOLD_SOLID_BREP('',#858);
#858 = CLOSED_SHELL('',(#859,#899,#962,#986,#1042,#1123,#1186,#1203,
    #1284,#1347,#1359,#1383,#1407,#1424,#1448,#1472,#1489,#1501,#1513,
    #1537,#1561,#1578,#1602,#1626,#1643,#1655));
#859 = ADVANCED_FACE('',(#860),#894,.F.);
#860 = FACE_BOUND('',#861,.F.);
#861 = EDGE_LOOP('',(#862,#872,#880,#888));
#862 = ORIENTED_EDGE('',*,*,#863,.F.);
#863 = EDGE_CURVE('',#864,#866,#868,.T.);
#864 = VERTEX_POINT('',#865);
#865 = CARTESIAN_POINT('',(-4.95,1.15,0.925));
#866 = VERTEX_POINT('',#867);
#867 = CARTESIAN_POINT('',(-4.95,1.15,9.8));
#868 = LINE('',#869,#870);
#869 = CARTESIAN_POINT('',(-4.95,1.15,0.925));
#870 = VECTOR('',#871,1.);
#871 = DIRECTION('',(0.,0.,1.));
#872 = ORIENTED_EDGE('',*,*,#873,.T.);
#873 = EDGE_CURVE('',#864,#874,#876,.T.);
#874 = VERTEX_POINT('',#875);
#875 = CARTESIAN_POINT('',(-4.95,11.65,0.925));
#876 = LINE('',#877,#878);
#877 = CARTESIAN_POINT('',(-4.95,1.15,0.925));
#878 = VECTOR('',#879,1.);
#879 = DIRECTION('',(0.,1.,0.));
#880 = ORIENTED_EDGE('',*,*,#881,.T.);
#881 = EDGE_CURVE('',#874,#882,#884,.T.);
#882 = VERTEX_POINT('',#883);
#883 = CARTESIAN_POINT('',(-4.95,11.65,9.8));
#884 = LINE('',#885,#886);
#885 = CARTESIAN_POINT('',(-4.95,11.65,0.925));
#886 = VECTOR('',#887,1.);
#887 = DIRECTION('',(0.,0.,1.));
#888 = ORIENTED_EDGE('',*,*,#889,.F.);
#889 = EDGE_CURVE('',#866,#882,#890,.T.);
#890 = LINE('',#891,#892);
#891 = CARTESIAN_POINT('',(-4.95,1.15,9.8));
#892 = VECTOR('',#893,1.);
#893 = DIRECTION('',(0.,1.,0.));
#894 = PLANE('',#895);
#895 = AXIS2_PLACEMENT_3D('',#896,#897,#898);
#896 = CARTESIAN_POINT('',(-4.95,1.15,0.925));
#897 = DIRECTION('',(1.,0.,0.));
#898 = DIRECTION('',(0.,0.,1.));
#899 = ADVANCED_FACE('',(#900),#957,.F.);
#900 = FACE_BOUND('',#901,.F.);
#901 = EDGE_LOOP('',(#902,#910,#911,#919,#927,#935,#943,#951));
#902 = ORIENTED_EDGE('',*,*,#903,.F.);
#903 = EDGE_CURVE('',#864,#904,#906,.T.);
#904 = VERTEX_POINT('',#905);
#905 = CARTESIAN_POINT('',(-4.7,1.15,0.925));
#906 = LINE('',#907,#908);
#907 = CARTESIAN_POINT('',(-4.95,1.15,0.925));
#908 = VECTOR('',#909,1.);
#909 = DIRECTION('',(1.,0.,0.));
#910 = ORIENTED_EDGE('',*,*,#863,.T.);
#911 = ORIENTED_EDGE('',*,*,#912,.T.);
#912 = EDGE_CURVE('',#866,#913,#915,.T.);
#913 = VERTEX_POINT('',#914);
#914 = CARTESIAN_POINT('',(4.95,1.15,9.8));
#915 = LINE('',#916,#917);
#916 = CARTESIAN_POINT('',(-4.95,1.15,9.8));
#917 = VECTOR('',#918,1.);
#918 = DIRECTION('',(1.,0.,0.));
#919 = ORIENTED_EDGE('',*,*,#920,.F.);
#920 = EDGE_CURVE('',#921,#913,#923,.T.);
#921 = VERTEX_POINT('',#922);
#922 = CARTESIAN_POINT('',(4.95,1.15,0.925));
#923 = LINE('',#924,#925);
#924 = CARTESIAN_POINT('',(4.95,1.15,0.925));
#925 = VECTOR('',#926,1.);
#926 = DIRECTION('',(0.,0.,1.));
#927 = ORIENTED_EDGE('',*,*,#928,.F.);
#928 = EDGE_CURVE('',#929,#921,#931,.T.);
#929 = VERTEX_POINT('',#930);
#930 = CARTESIAN_POINT('',(4.7,1.15,0.925));
#931 = LINE('',#932,#933);
#932 = CARTESIAN_POINT('',(-4.95,1.15,0.925));
#933 = VECTOR('',#934,1.);
#934 = DIRECTION('',(1.,0.,0.));
#935 = ORIENTED_EDGE('',*,*,#936,.F.);
#936 = EDGE_CURVE('',#937,#929,#939,.T.);
#937 = VERTEX_POINT('',#938);
#938 = CARTESIAN_POINT('',(4.7,1.15,9.55));
#939 = LINE('',#940,#941);
#940 = CARTESIAN_POINT('',(4.7,1.15,0.925));
#941 = VECTOR('',#942,1.);
#942 = DIRECTION('',(0.,0.,-1.));
#943 = ORIENTED_EDGE('',*,*,#944,.F.);
#944 = EDGE_CURVE('',#945,#937,#947,.T.);
#945 = VERTEX_POINT('',#946);
#946 = CARTESIAN_POINT('',(-4.7,1.15,9.55));
#947 = LINE('',#948,#949);
#948 = CARTESIAN_POINT('',(-4.825,1.15,9.55));
#949 = VECTOR('',#950,1.);
#950 = DIRECTION('',(1.,0.,0.));
#951 = ORIENTED_EDGE('',*,*,#952,.T.);
#952 = EDGE_CURVE('',#945,#904,#953,.T.);
#953 = LINE('',#954,#955);
#954 = CARTESIAN_POINT('',(-4.7,1.15,0.925));
#955 = VECTOR('',#956,1.);
#956 = DIRECTION('',(0.,0.,-1.));
#957 = PLANE('',#958);
#958 = AXIS2_PLACEMENT_3D('',#959,#960,#961);
#959 = CARTESIAN_POINT('',(-4.95,1.15,0.925));
#960 = DIRECTION('',(0.,1.,0.));
#961 = DIRECTION('',(0.,-0.,1.));
#962 = ADVANCED_FACE('',(#963),#981,.T.);
#963 = FACE_BOUND('',#964,.T.);
#964 = EDGE_LOOP('',(#965,#966,#967,#975));
#965 = ORIENTED_EDGE('',*,*,#889,.F.);
#966 = ORIENTED_EDGE('',*,*,#912,.T.);
#967 = ORIENTED_EDGE('',*,*,#968,.T.);
#968 = EDGE_CURVE('',#913,#969,#971,.T.);
#969 = VERTEX_POINT('',#970);
#970 = CARTESIAN_POINT('',(4.95,11.65,9.8));
#971 = LINE('',#972,#973);
#972 = CARTESIAN_POINT('',(4.95,1.15,9.8));
#973 = VECTOR('',#974,1.);
#974 = DIRECTION('',(0.,1.,0.));
#975 = ORIENTED_EDGE('',*,*,#976,.F.);
#976 = EDGE_CURVE('',#882,#969,#977,.T.);
#977 = LINE('',#978,#979);
#978 = CARTESIAN_POINT('',(-4.95,11.65,9.8));
#979 = VECTOR('',#980,1.);
#980 = DIRECTION('',(1.,0.,0.));
#981 = PLANE('',#982);
#982 = AXIS2_PLACEMENT_3D('',#983,#984,#985);
#983 = CARTESIAN_POINT('',(-4.95,1.15,9.8));
#984 = DIRECTION('',(0.,0.,1.));
#985 = DIRECTION('',(1.,0.,-0.));
#986 = ADVANCED_FACE('',(#987),#1037,.T.);
#987 = FACE_BOUND('',#988,.T.);
#988 = EDGE_LOOP('',(#989,#997,#998,#999,#1007,#1015,#1023,#1031));
#989 = ORIENTED_EDGE('',*,*,#990,.F.);
#990 = EDGE_CURVE('',#874,#991,#993,.T.);
#991 = VERTEX_POINT('',#992);
#992 = CARTESIAN_POINT('',(-4.7,11.65,0.925));
#993 = LINE('',#994,#995);
#994 = CARTESIAN_POINT('',(-4.95,11.65,0.925));
#995 = VECTOR('',#996,1.);
#996 = DIRECTION('',(1.,0.,0.));
#997 = ORIENTED_EDGE('',*,*,#881,.T.);
#998 = ORIENTED_EDGE('',*,*,#976,.T.);
#999 = ORIENTED_EDGE('',*,*,#1000,.F.);
#1000 = EDGE_CURVE('',#1001,#969,#1003,.T.);
#1001 = VERTEX_POINT('',#1002);
#1002 = CARTESIAN_POINT('',(4.95,11.65,0.925));
#1003 = LINE('',#1004,#1005);
#1004 = CARTESIAN_POINT('',(4.95,11.65,0.925));
#1005 = VECTOR('',#1006,1.);
#1006 = DIRECTION('',(0.,0.,1.));
#1007 = ORIENTED_EDGE('',*,*,#1008,.F.);
#1008 = EDGE_CURVE('',#1009,#1001,#1011,.T.);
#1009 = VERTEX_POINT('',#1010);
#1010 = CARTESIAN_POINT('',(4.7,11.65,0.925));
#1011 = LINE('',#1012,#1013);
#1012 = CARTESIAN_POINT('',(-4.95,11.65,0.925));
#1013 = VECTOR('',#1014,1.);
#1014 = DIRECTION('',(1.,0.,0.));
#1015 = ORIENTED_EDGE('',*,*,#1016,.F.);
#1016 = EDGE_CURVE('',#1017,#1009,#1019,.T.);
#1017 = VERTEX_POINT('',#1018);
#1018 = CARTESIAN_POINT('',(4.7,11.65,9.55));
#1019 = LINE('',#1020,#1021);
#1020 = CARTESIAN_POINT('',(4.7,11.65,0.925));
#1021 = VECTOR('',#1022,1.);
#1022 = DIRECTION('',(0.,0.,-1.));
#1023 = ORIENTED_EDGE('',*,*,#1024,.F.);
#1024 = EDGE_CURVE('',#1025,#1017,#1027,.T.);
#1025 = VERTEX_POINT('',#1026);
#1026 = CARTESIAN_POINT('',(-4.7,11.65,9.55));
#1027 = LINE('',#1028,#1029);
#1028 = CARTESIAN_POINT('',(-4.825,11.65,9.55));
#1029 = VECTOR('',#1030,1.);
#1030 = DIRECTION('',(1.,0.,0.));
#1031 = ORIENTED_EDGE('',*,*,#1032,.T.);
#1032 = EDGE_CURVE('',#1025,#991,#1033,.T.);
#1033 = LINE('',#1034,#1035);
#1034 = CARTESIAN_POINT('',(-4.7,11.65,0.925));
#1035 = VECTOR('',#1036,1.);
#1036 = DIRECTION('',(0.,0.,-1.));
#1037 = PLANE('',#1038);
#1038 = AXIS2_PLACEMENT_3D('',#1039,#1040,#1041);
#1039 = CARTESIAN_POINT('',(-4.95,11.65,0.925));
#1040 = DIRECTION('',(0.,1.,0.));
#1041 = DIRECTION('',(0.,-0.,1.));
#1042 = ADVANCED_FACE('',(#1043),#1118,.F.);
#1043 = FACE_BOUND('',#1044,.F.);
#1044 = EDGE_LOOP('',(#1045,#1046,#1047,#1048,#1056,#1064,#1072,#1080,
    #1088,#1096,#1104,#1112));
#1045 = ORIENTED_EDGE('',*,*,#990,.F.);
#1046 = ORIENTED_EDGE('',*,*,#873,.F.);
#1047 = ORIENTED_EDGE('',*,*,#903,.T.);
#1048 = ORIENTED_EDGE('',*,*,#1049,.T.);
#1049 = EDGE_CURVE('',#904,#1050,#1052,.T.);
#1050 = VERTEX_POINT('',#1051);
#1051 = CARTESIAN_POINT('',(-4.7,2.2,0.925));
#1052 = LINE('',#1053,#1054);
#1053 = CARTESIAN_POINT('',(-4.7,1.05,0.925));
#1054 = VECTOR('',#1055,1.);
#1055 = DIRECTION('',(0.,1.,0.));
#1056 = ORIENTED_EDGE('',*,*,#1057,.T.);
#1057 = EDGE_CURVE('',#1050,#1058,#1060,.T.);
#1058 = VERTEX_POINT('',#1059);
#1059 = CARTESIAN_POINT('',(-4.85,2.2,0.925));
#1060 = LINE('',#1061,#1062);
#1061 = CARTESIAN_POINT('',(-4.9,2.2,0.925));
#1062 = VECTOR('',#1063,1.);
#1063 = DIRECTION('',(-1.,0.,0.));
#1064 = ORIENTED_EDGE('',*,*,#1065,.T.);
#1065 = EDGE_CURVE('',#1058,#1066,#1068,.T.);
#1066 = VERTEX_POINT('',#1067);
#1067 = CARTESIAN_POINT('',(-4.85,3.3,0.925));
#1068 = LINE('',#1069,#1070);
#1069 = CARTESIAN_POINT('',(-4.85,1.675,0.925));
#1070 = VECTOR('',#1071,1.);
#1071 = DIRECTION('',(0.,1.,0.));
#1072 = ORIENTED_EDGE('',*,*,#1073,.F.);
#1073 = EDGE_CURVE('',#1074,#1066,#1076,.T.);
#1074 = VERTEX_POINT('',#1075);
#1075 = CARTESIAN_POINT('',(-4.7,3.3,0.925));
#1076 = LINE('',#1077,#1078);
#1077 = CARTESIAN_POINT('',(-4.9,3.3,0.925));
#1078 = VECTOR('',#1079,1.);
#1079 = DIRECTION('',(-1.,0.,0.));
#1080 = ORIENTED_EDGE('',*,*,#1081,.T.);
#1081 = EDGE_CURVE('',#1074,#1082,#1084,.T.);
#1082 = VERTEX_POINT('',#1083);
#1083 = CARTESIAN_POINT('',(-4.7,8.6,0.925));
#1084 = LINE('',#1085,#1086);
#1085 = CARTESIAN_POINT('',(-4.7,1.05,0.925));
#1086 = VECTOR('',#1087,1.);
#1087 = DIRECTION('',(0.,1.,0.));
#1088 = ORIENTED_EDGE('',*,*,#1089,.T.);
#1089 = EDGE_CURVE('',#1082,#1090,#1092,.T.);
#1090 = VERTEX_POINT('',#1091);
#1091 = CARTESIAN_POINT('',(-4.85,8.6,0.925));
#1092 = LINE('',#1093,#1094);
#1093 = CARTESIAN_POINT('',(-4.9,8.6,0.925));
#1094 = VECTOR('',#1095,1.);
#1095 = DIRECTION('',(-1.,0.,0.));
#1096 = ORIENTED_EDGE('',*,*,#1097,.T.);
#1097 = EDGE_CURVE('',#1090,#1098,#1100,.T.);
#1098 = VERTEX_POINT('',#1099);
#1099 = CARTESIAN_POINT('',(-4.85,9.7,0.925));
#1100 = LINE('',#1101,#1102);
#1101 = CARTESIAN_POINT('',(-4.85,4.875,0.925));
#1102 = VECTOR('',#1103,1.);
#1103 = DIRECTION('',(0.,1.,0.));
#1104 = ORIENTED_EDGE('',*,*,#1105,.F.);
#1105 = EDGE_CURVE('',#1106,#1098,#1108,.T.);
#1106 = VERTEX_POINT('',#1107);
#1107 = CARTESIAN_POINT('',(-4.7,9.7,0.925));
#1108 = LINE('',#1109,#1110);
#1109 = CARTESIAN_POINT('',(-4.9,9.7,0.925));
#1110 = VECTOR('',#1111,1.);
#1111 = DIRECTION('',(-1.,0.,0.));
#1112 = ORIENTED_EDGE('',*,*,#1113,.T.);
#1113 = EDGE_CURVE('',#1106,#991,#1114,.T.);
#1114 = LINE('',#1115,#1116);
#1115 = CARTESIAN_POINT('',(-4.7,1.05,0.925));
#1116 = VECTOR('',#1117,1.);
#1117 = DIRECTION('',(0.,1.,0.));
#1118 = PLANE('',#1119);
#1119 = AXIS2_PLACEMENT_3D('',#1120,#1121,#1122);
#1120 = CARTESIAN_POINT('',(-4.95,1.15,0.925));
#1121 = DIRECTION('',(0.,0.,1.));
#1122 = DIRECTION('',(1.,0.,-0.));
#1123 = ADVANCED_FACE('',(#1124),#1181,.T.);
#1124 = FACE_BOUND('',#1125,.T.);
#1125 = EDGE_LOOP('',(#1126,#1132,#1133,#1134,#1142,#1150,#1156,#1157,
    #1165,#1173,#1179,#1180));
#1126 = ORIENTED_EDGE('',*,*,#1127,.F.);
#1127 = EDGE_CURVE('',#945,#1025,#1128,.T.);
#1128 = LINE('',#1129,#1130);
#1129 = CARTESIAN_POINT('',(-4.7,1.05,9.55));
#1130 = VECTOR('',#1131,1.);
#1131 = DIRECTION('',(0.,1.,0.));
#1132 = ORIENTED_EDGE('',*,*,#952,.T.);
#1133 = ORIENTED_EDGE('',*,*,#1049,.T.);
#1134 = ORIENTED_EDGE('',*,*,#1135,.F.);
#1135 = EDGE_CURVE('',#1136,#1050,#1138,.T.);
#1136 = VERTEX_POINT('',#1137);
#1137 = CARTESIAN_POINT('',(-4.7,2.2,-1.6));
#1138 = LINE('',#1139,#1140);
#1139 = CARTESIAN_POINT('',(-4.7,2.2,-1.6));
#1140 = VECTOR('',#1141,1.);
#1141 = DIRECTION('',(0.,0.,1.));
#1142 = ORIENTED_EDGE('',*,*,#1143,.T.);
#1143 = EDGE_CURVE('',#1136,#1144,#1146,.T.);
#1144 = VERTEX_POINT('',#1145);
#1145 = CARTESIAN_POINT('',(-4.7,3.3,-1.6));
#1146 = LINE('',#1147,#1148);
#1147 = CARTESIAN_POINT('',(-4.7,2.2,-1.6));
#1148 = VECTOR('',#1149,1.);
#1149 = DIRECTION('',(0.,1.,0.));
#1150 = ORIENTED_EDGE('',*,*,#1151,.T.);
#1151 = EDGE_CURVE('',#1144,#1074,#1152,.T.);
#1152 = LINE('',#1153,#1154);
#1153 = CARTESIAN_POINT('',(-4.7,3.3,-1.6));
#1154 = VECTOR('',#1155,1.);
#1155 = DIRECTION('',(0.,0.,1.));
#1156 = ORIENTED_EDGE('',*,*,#1081,.T.);
#1157 = ORIENTED_EDGE('',*,*,#1158,.F.);
#1158 = EDGE_CURVE('',#1159,#1082,#1161,.T.);
#1159 = VERTEX_POINT('',#1160);
#1160 = CARTESIAN_POINT('',(-4.7,8.6,-1.6));
#1161 = LINE('',#1162,#1163);
#1162 = CARTESIAN_POINT('',(-4.7,8.6,-1.6));
#1163 = VECTOR('',#1164,1.);
#1164 = DIRECTION('',(0.,0.,1.));
#1165 = ORIENTED_EDGE('',*,*,#1166,.T.);
#1166 = EDGE_CURVE('',#1159,#1167,#1169,.T.);
#1167 = VERTEX_POINT('',#1168);
#1168 = CARTESIAN_POINT('',(-4.7,9.7,-1.6));
#1169 = LINE('',#1170,#1171);
#1170 = CARTESIAN_POINT('',(-4.7,8.6,-1.6));
#1171 = VECTOR('',#1172,1.);
#1172 = DIRECTION('',(0.,1.,0.));
#1173 = ORIENTED_EDGE('',*,*,#1174,.T.);
#1174 = EDGE_CURVE('',#1167,#1106,#1175,.T.);
#1175 = LINE('',#1176,#1177);
#1176 = CARTESIAN_POINT('',(-4.7,9.7,-1.6));
#1177 = VECTOR('',#1178,1.);
#1178 = DIRECTION('',(0.,0.,1.));
#1179 = ORIENTED_EDGE('',*,*,#1113,.T.);
#1180 = ORIENTED_EDGE('',*,*,#1032,.F.);
#1181 = PLANE('',#1182);
#1182 = AXIS2_PLACEMENT_3D('',#1183,#1184,#1185);
#1183 = CARTESIAN_POINT('',(-4.7,1.05,0.925));
#1184 = DIRECTION('',(1.,0.,0.));
#1185 = DIRECTION('',(0.,0.,1.));
#1186 = ADVANCED_FACE('',(#1187),#1198,.F.);
#1187 = FACE_BOUND('',#1188,.F.);
#1188 = EDGE_LOOP('',(#1189,#1190,#1191,#1197));
#1189 = ORIENTED_EDGE('',*,*,#1127,.F.);
#1190 = ORIENTED_EDGE('',*,*,#944,.T.);
#1191 = ORIENTED_EDGE('',*,*,#1192,.T.);
#1192 = EDGE_CURVE('',#937,#1017,#1193,.T.);
#1193 = LINE('',#1194,#1195);
#1194 = CARTESIAN_POINT('',(4.7,1.05,9.55));
#1195 = VECTOR('',#1196,1.);
#1196 = DIRECTION('',(0.,1.,0.));
#1197 = ORIENTED_EDGE('',*,*,#1024,.F.);
#1198 = PLANE('',#1199);
#1199 = AXIS2_PLACEMENT_3D('',#1200,#1201,#1202);
#1200 = CARTESIAN_POINT('',(-4.7,1.05,9.55));
#1201 = DIRECTION('',(0.,0.,1.));
#1202 = DIRECTION('',(1.,0.,-0.));
#1203 = ADVANCED_FACE('',(#1204),#1279,.F.);
#1204 = FACE_BOUND('',#1205,.F.);
#1205 = EDGE_LOOP('',(#1206,#1207,#1208,#1216,#1224,#1232,#1240,#1248,
    #1256,#1264,#1272,#1278));
#1206 = ORIENTED_EDGE('',*,*,#1192,.F.);
#1207 = ORIENTED_EDGE('',*,*,#936,.T.);
#1208 = ORIENTED_EDGE('',*,*,#1209,.T.);
#1209 = EDGE_CURVE('',#929,#1210,#1212,.T.);
#1210 = VERTEX_POINT('',#1211);
#1211 = CARTESIAN_POINT('',(4.7,2.2,0.925));
#1212 = LINE('',#1213,#1214);
#1213 = CARTESIAN_POINT('',(4.7,1.05,0.925));
#1214 = VECTOR('',#1215,1.);
#1215 = DIRECTION('',(0.,1.,0.));
#1216 = ORIENTED_EDGE('',*,*,#1217,.F.);
#1217 = EDGE_CURVE('',#1218,#1210,#1220,.T.);
#1218 = VERTEX_POINT('',#1219);
#1219 = CARTESIAN_POINT('',(4.7,2.2,-1.6));
#1220 = LINE('',#1221,#1222);
#1221 = CARTESIAN_POINT('',(4.7,2.2,-1.6));
#1222 = VECTOR('',#1223,1.);
#1223 = DIRECTION('',(0.,0.,1.));
#1224 = ORIENTED_EDGE('',*,*,#1225,.T.);
#1225 = EDGE_CURVE('',#1218,#1226,#1228,.T.);
#1226 = VERTEX_POINT('',#1227);
#1227 = CARTESIAN_POINT('',(4.7,3.3,-1.6));
#1228 = LINE('',#1229,#1230);
#1229 = CARTESIAN_POINT('',(4.7,2.2,-1.6));
#1230 = VECTOR('',#1231,1.);
#1231 = DIRECTION('',(0.,1.,0.));
#1232 = ORIENTED_EDGE('',*,*,#1233,.T.);
#1233 = EDGE_CURVE('',#1226,#1234,#1236,.T.);
#1234 = VERTEX_POINT('',#1235);
#1235 = CARTESIAN_POINT('',(4.7,3.3,0.925));
#1236 = LINE('',#1237,#1238);
#1237 = CARTESIAN_POINT('',(4.7,3.3,-1.6));
#1238 = VECTOR('',#1239,1.);
#1239 = DIRECTION('',(0.,0.,1.));
#1240 = ORIENTED_EDGE('',*,*,#1241,.T.);
#1241 = EDGE_CURVE('',#1234,#1242,#1244,.T.);
#1242 = VERTEX_POINT('',#1243);
#1243 = CARTESIAN_POINT('',(4.7,8.6,0.925));
#1244 = LINE('',#1245,#1246);
#1245 = CARTESIAN_POINT('',(4.7,1.05,0.925));
#1246 = VECTOR('',#1247,1.);
#1247 = DIRECTION('',(0.,1.,0.));
#1248 = ORIENTED_EDGE('',*,*,#1249,.F.);
#1249 = EDGE_CURVE('',#1250,#1242,#1252,.T.);
#1250 = VERTEX_POINT('',#1251);
#1251 = CARTESIAN_POINT('',(4.7,8.6,-1.6));
#1252 = LINE('',#1253,#1254);
#1253 = CARTESIAN_POINT('',(4.7,8.6,-1.6));
#1254 = VECTOR('',#1255,1.);
#1255 = DIRECTION('',(0.,0.,1.));
#1256 = ORIENTED_EDGE('',*,*,#1257,.T.);
#1257 = EDGE_CURVE('',#1250,#1258,#1260,.T.);
#1258 = VERTEX_POINT('',#1259);
#1259 = CARTESIAN_POINT('',(4.7,9.7,-1.6));
#1260 = LINE('',#1261,#1262);
#1261 = CARTESIAN_POINT('',(4.7,8.6,-1.6));
#1262 = VECTOR('',#1263,1.);
#1263 = DIRECTION('',(0.,1.,0.));
#1264 = ORIENTED_EDGE('',*,*,#1265,.T.);
#1265 = EDGE_CURVE('',#1258,#1266,#1268,.T.);
#1266 = VERTEX_POINT('',#1267);
#1267 = CARTESIAN_POINT('',(4.7,9.7,0.925));
#1268 = LINE('',#1269,#1270);
#1269 = CARTESIAN_POINT('',(4.7,9.7,-1.6));
#1270 = VECTOR('',#1271,1.);
#1271 = DIRECTION('',(0.,0.,1.));
#1272 = ORIENTED_EDGE('',*,*,#1273,.T.);
#1273 = EDGE_CURVE('',#1266,#1009,#1274,.T.);
#1274 = LINE('',#1275,#1276);
#1275 = CARTESIAN_POINT('',(4.7,1.05,0.925));
#1276 = VECTOR('',#1277,1.);
#1277 = DIRECTION('',(0.,1.,0.));
#1278 = ORIENTED_EDGE('',*,*,#1016,.F.);
#1279 = PLANE('',#1280);
#1280 = AXIS2_PLACEMENT_3D('',#1281,#1282,#1283);
#1281 = CARTESIAN_POINT('',(4.7,1.05,0.925));
#1282 = DIRECTION('',(1.,0.,0.));
#1283 = DIRECTION('',(0.,0.,1.));
#1284 = ADVANCED_FACE('',(#1285),#1342,.F.);
#1285 = FACE_BOUND('',#1286,.F.);
#1286 = EDGE_LOOP('',(#1287,#1288,#1289,#1297,#1305,#1311,#1312,#1320,
    #1328,#1334,#1335,#1336));
#1287 = ORIENTED_EDGE('',*,*,#1008,.F.);
#1288 = ORIENTED_EDGE('',*,*,#1273,.F.);
#1289 = ORIENTED_EDGE('',*,*,#1290,.F.);
#1290 = EDGE_CURVE('',#1291,#1266,#1293,.T.);
#1291 = VERTEX_POINT('',#1292);
#1292 = CARTESIAN_POINT('',(4.85,9.7,0.925));
#1293 = LINE('',#1294,#1295);
#1294 = CARTESIAN_POINT('',(-0.125,9.7,0.925));
#1295 = VECTOR('',#1296,1.);
#1296 = DIRECTION('',(-1.,0.,0.));
#1297 = ORIENTED_EDGE('',*,*,#1298,.F.);
#1298 = EDGE_CURVE('',#1299,#1291,#1301,.T.);
#1299 = VERTEX_POINT('',#1300);
#1300 = CARTESIAN_POINT('',(4.85,8.6,0.925));
#1301 = LINE('',#1302,#1303);
#1302 = CARTESIAN_POINT('',(4.85,4.875,0.925));
#1303 = VECTOR('',#1304,1.);
#1304 = DIRECTION('',(0.,1.,0.));
#1305 = ORIENTED_EDGE('',*,*,#1306,.T.);
#1306 = EDGE_CURVE('',#1299,#1242,#1307,.T.);
#1307 = LINE('',#1308,#1309);
#1308 = CARTESIAN_POINT('',(-0.125,8.6,0.925));
#1309 = VECTOR('',#1310,1.);
#1310 = DIRECTION('',(-1.,0.,0.));
#1311 = ORIENTED_EDGE('',*,*,#1241,.F.);
#1312 = ORIENTED_EDGE('',*,*,#1313,.F.);
#1313 = EDGE_CURVE('',#1314,#1234,#1316,.T.);
#1314 = VERTEX_POINT('',#1315);
#1315 = CARTESIAN_POINT('',(4.85,3.3,0.925));
#1316 = LINE('',#1317,#1318);
#1317 = CARTESIAN_POINT('',(-0.125,3.3,0.925));
#1318 = VECTOR('',#1319,1.);
#1319 = DIRECTION('',(-1.,0.,0.));
#1320 = ORIENTED_EDGE('',*,*,#1321,.F.);
#1321 = EDGE_CURVE('',#1322,#1314,#1324,.T.);
#1322 = VERTEX_POINT('',#1323);
#1323 = CARTESIAN_POINT('',(4.85,2.2,0.925));
#1324 = LINE('',#1325,#1326);
#1325 = CARTESIAN_POINT('',(4.85,1.675,0.925));
#1326 = VECTOR('',#1327,1.);
#1327 = DIRECTION('',(0.,1.,0.));
#1328 = ORIENTED_EDGE('',*,*,#1329,.T.);
#1329 = EDGE_CURVE('',#1322,#1210,#1330,.T.);
#1330 = LINE('',#1331,#1332);
#1331 = CARTESIAN_POINT('',(-0.125,2.2,0.925));
#1332 = VECTOR('',#1333,1.);
#1333 = DIRECTION('',(-1.,0.,0.));
#1334 = ORIENTED_EDGE('',*,*,#1209,.F.);
#1335 = ORIENTED_EDGE('',*,*,#928,.T.);
#1336 = ORIENTED_EDGE('',*,*,#1337,.T.);
#1337 = EDGE_CURVE('',#921,#1001,#1338,.T.);
#1338 = LINE('',#1339,#1340);
#1339 = CARTESIAN_POINT('',(4.95,1.15,0.925));
#1340 = VECTOR('',#1341,1.);
#1341 = DIRECTION('',(0.,1.,0.));
#1342 = PLANE('',#1343);
#1343 = AXIS2_PLACEMENT_3D('',#1344,#1345,#1346);
#1344 = CARTESIAN_POINT('',(-4.95,1.15,0.925));
#1345 = DIRECTION('',(0.,0.,1.));
#1346 = DIRECTION('',(1.,0.,-0.));
#1347 = ADVANCED_FACE('',(#1348),#1354,.T.);
#1348 = FACE_BOUND('',#1349,.T.);
#1349 = EDGE_LOOP('',(#1350,#1351,#1352,#1353));
#1350 = ORIENTED_EDGE('',*,*,#920,.F.);
#1351 = ORIENTED_EDGE('',*,*,#1337,.T.);
#1352 = ORIENTED_EDGE('',*,*,#1000,.T.);
#1353 = ORIENTED_EDGE('',*,*,#968,.F.);
#1354 = PLANE('',#1355);
#1355 = AXIS2_PLACEMENT_3D('',#1356,#1357,#1358);
#1356 = CARTESIAN_POINT('',(4.95,1.15,0.925));
#1357 = DIRECTION('',(1.,0.,0.));
#1358 = DIRECTION('',(0.,0.,1.));
#1359 = ADVANCED_FACE('',(#1360),#1378,.T.);
#1360 = FACE_BOUND('',#1361,.T.);
#1361 = EDGE_LOOP('',(#1362,#1363,#1371,#1377));
#1362 = ORIENTED_EDGE('',*,*,#1174,.F.);
#1363 = ORIENTED_EDGE('',*,*,#1364,.F.);
#1364 = EDGE_CURVE('',#1365,#1167,#1367,.T.);
#1365 = VERTEX_POINT('',#1366);
#1366 = CARTESIAN_POINT('',(-4.85,9.7,-1.6));
#1367 = LINE('',#1368,#1369);
#1368 = CARTESIAN_POINT('',(-4.85,9.7,-1.6));
#1369 = VECTOR('',#1370,1.);
#1370 = DIRECTION('',(1.,0.,0.));
#1371 = ORIENTED_EDGE('',*,*,#1372,.T.);
#1372 = EDGE_CURVE('',#1365,#1098,#1373,.T.);
#1373 = LINE('',#1374,#1375);
#1374 = CARTESIAN_POINT('',(-4.85,9.7,-1.6));
#1375 = VECTOR('',#1376,1.);
#1376 = DIRECTION('',(0.,0.,1.));
#1377 = ORIENTED_EDGE('',*,*,#1105,.F.);
#1378 = PLANE('',#1379);
#1379 = AXIS2_PLACEMENT_3D('',#1380,#1381,#1382);
#1380 = CARTESIAN_POINT('',(-4.85,9.7,-1.6));
#1381 = DIRECTION('',(0.,1.,0.));
#1382 = DIRECTION('',(0.,-0.,1.));
#1383 = ADVANCED_FACE('',(#1384),#1402,.F.);
#1384 = FACE_BOUND('',#1385,.F.);
#1385 = EDGE_LOOP('',(#1386,#1394,#1400,#1401));
#1386 = ORIENTED_EDGE('',*,*,#1387,.F.);
#1387 = EDGE_CURVE('',#1388,#1090,#1390,.T.);
#1388 = VERTEX_POINT('',#1389);
#1389 = CARTESIAN_POINT('',(-4.85,8.6,-1.6));
#1390 = LINE('',#1391,#1392);
#1391 = CARTESIAN_POINT('',(-4.85,8.6,-1.6));
#1392 = VECTOR('',#1393,1.);
#1393 = DIRECTION('',(0.,0.,1.));
#1394 = ORIENTED_EDGE('',*,*,#1395,.T.);
#1395 = EDGE_CURVE('',#1388,#1365,#1396,.T.);
#1396 = LINE('',#1397,#1398);
#1397 = CARTESIAN_POINT('',(-4.85,8.6,-1.6));
#1398 = VECTOR('',#1399,1.);
#1399 = DIRECTION('',(0.,1.,0.));
#1400 = ORIENTED_EDGE('',*,*,#1372,.T.);
#1401 = ORIENTED_EDGE('',*,*,#1097,.F.);
#1402 = PLANE('',#1403);
#1403 = AXIS2_PLACEMENT_3D('',#1404,#1405,#1406);
#1404 = CARTESIAN_POINT('',(-4.85,8.6,-1.6));
#1405 = DIRECTION('',(1.,0.,0.));
#1406 = DIRECTION('',(0.,0.,1.));
#1407 = ADVANCED_FACE('',(#1408),#1419,.F.);
#1408 = FACE_BOUND('',#1409,.F.);
#1409 = EDGE_LOOP('',(#1410,#1411,#1417,#1418));
#1410 = ORIENTED_EDGE('',*,*,#1158,.F.);
#1411 = ORIENTED_EDGE('',*,*,#1412,.F.);
#1412 = EDGE_CURVE('',#1388,#1159,#1413,.T.);
#1413 = LINE('',#1414,#1415);
#1414 = CARTESIAN_POINT('',(-4.85,8.6,-1.6));
#1415 = VECTOR('',#1416,1.);
#1416 = DIRECTION('',(1.,0.,0.));
#1417 = ORIENTED_EDGE('',*,*,#1387,.T.);
#1418 = ORIENTED_EDGE('',*,*,#1089,.F.);
#1419 = PLANE('',#1420);
#1420 = AXIS2_PLACEMENT_3D('',#1421,#1422,#1423);
#1421 = CARTESIAN_POINT('',(-4.85,8.6,-1.6));
#1422 = DIRECTION('',(0.,1.,0.));
#1423 = DIRECTION('',(0.,-0.,1.));
#1424 = ADVANCED_FACE('',(#1425),#1443,.T.);
#1425 = FACE_BOUND('',#1426,.T.);
#1426 = EDGE_LOOP('',(#1427,#1428,#1436,#1442));
#1427 = ORIENTED_EDGE('',*,*,#1151,.F.);
#1428 = ORIENTED_EDGE('',*,*,#1429,.F.);
#1429 = EDGE_CURVE('',#1430,#1144,#1432,.T.);
#1430 = VERTEX_POINT('',#1431);
#1431 = CARTESIAN_POINT('',(-4.85,3.3,-1.6));
#1432 = LINE('',#1433,#1434);
#1433 = CARTESIAN_POINT('',(-4.85,3.3,-1.6));
#1434 = VECTOR('',#1435,1.);
#1435 = DIRECTION('',(1.,0.,0.));
#1436 = ORIENTED_EDGE('',*,*,#1437,.T.);
#1437 = EDGE_CURVE('',#1430,#1066,#1438,.T.);
#1438 = LINE('',#1439,#1440);
#1439 = CARTESIAN_POINT('',(-4.85,3.3,-1.6));
#1440 = VECTOR('',#1441,1.);
#1441 = DIRECTION('',(0.,0.,1.));
#1442 = ORIENTED_EDGE('',*,*,#1073,.F.);
#1443 = PLANE('',#1444);
#1444 = AXIS2_PLACEMENT_3D('',#1445,#1446,#1447);
#1445 = CARTESIAN_POINT('',(-4.85,3.3,-1.6));
#1446 = DIRECTION('',(0.,1.,0.));
#1447 = DIRECTION('',(0.,-0.,1.));
#1448 = ADVANCED_FACE('',(#1449),#1467,.F.);
#1449 = FACE_BOUND('',#1450,.F.);
#1450 = EDGE_LOOP('',(#1451,#1459,#1465,#1466));
#1451 = ORIENTED_EDGE('',*,*,#1452,.F.);
#1452 = EDGE_CURVE('',#1453,#1058,#1455,.T.);
#1453 = VERTEX_POINT('',#1454);
#1454 = CARTESIAN_POINT('',(-4.85,2.2,-1.6));
#1455 = LINE('',#1456,#1457);
#1456 = CARTESIAN_POINT('',(-4.85,2.2,-1.6));
#1457 = VECTOR('',#1458,1.);
#1458 = DIRECTION('',(0.,0.,1.));
#1459 = ORIENTED_EDGE('',*,*,#1460,.T.);
#1460 = EDGE_CURVE('',#1453,#1430,#1461,.T.);
#1461 = LINE('',#1462,#1463);
#1462 = CARTESIAN_POINT('',(-4.85,2.2,-1.6));
#1463 = VECTOR('',#1464,1.);
#1464 = DIRECTION('',(0.,1.,0.));
#1465 = ORIENTED_EDGE('',*,*,#1437,.T.);
#1466 = ORIENTED_EDGE('',*,*,#1065,.F.);
#1467 = PLANE('',#1468);
#1468 = AXIS2_PLACEMENT_3D('',#1469,#1470,#1471);
#1469 = CARTESIAN_POINT('',(-4.85,2.2,-1.6));
#1470 = DIRECTION('',(1.,0.,0.));
#1471 = DIRECTION('',(0.,0.,1.));
#1472 = ADVANCED_FACE('',(#1473),#1484,.F.);
#1473 = FACE_BOUND('',#1474,.F.);
#1474 = EDGE_LOOP('',(#1475,#1476,#1482,#1483));
#1475 = ORIENTED_EDGE('',*,*,#1135,.F.);
#1476 = ORIENTED_EDGE('',*,*,#1477,.F.);
#1477 = EDGE_CURVE('',#1453,#1136,#1478,.T.);
#1478 = LINE('',#1479,#1480);
#1479 = CARTESIAN_POINT('',(-4.85,2.2,-1.6));
#1480 = VECTOR('',#1481,1.);
#1481 = DIRECTION('',(1.,0.,0.));
#1482 = ORIENTED_EDGE('',*,*,#1452,.T.);
#1483 = ORIENTED_EDGE('',*,*,#1057,.F.);
#1484 = PLANE('',#1485);
#1485 = AXIS2_PLACEMENT_3D('',#1486,#1487,#1488);
#1486 = CARTESIAN_POINT('',(-4.85,2.2,-1.6));
#1487 = DIRECTION('',(0.,1.,0.));
#1488 = DIRECTION('',(0.,-0.,1.));
#1489 = ADVANCED_FACE('',(#1490),#1496,.F.);
#1490 = FACE_BOUND('',#1491,.F.);
#1491 = EDGE_LOOP('',(#1492,#1493,#1494,#1495));
#1492 = ORIENTED_EDGE('',*,*,#1460,.F.);
#1493 = ORIENTED_EDGE('',*,*,#1477,.T.);
#1494 = ORIENTED_EDGE('',*,*,#1143,.T.);
#1495 = ORIENTED_EDGE('',*,*,#1429,.F.);
#1496 = PLANE('',#1497);
#1497 = AXIS2_PLACEMENT_3D('',#1498,#1499,#1500);
#1498 = CARTESIAN_POINT('',(-4.85,2.2,-1.6));
#1499 = DIRECTION('',(0.,0.,1.));
#1500 = DIRECTION('',(1.,0.,-0.));
#1501 = ADVANCED_FACE('',(#1502),#1508,.F.);
#1502 = FACE_BOUND('',#1503,.F.);
#1503 = EDGE_LOOP('',(#1504,#1505,#1506,#1507));
#1504 = ORIENTED_EDGE('',*,*,#1395,.F.);
#1505 = ORIENTED_EDGE('',*,*,#1412,.T.);
#1506 = ORIENTED_EDGE('',*,*,#1166,.T.);
#1507 = ORIENTED_EDGE('',*,*,#1364,.F.);
#1508 = PLANE('',#1509);
#1509 = AXIS2_PLACEMENT_3D('',#1510,#1511,#1512);
#1510 = CARTESIAN_POINT('',(-4.85,8.6,-1.6));
#1511 = DIRECTION('',(0.,0.,1.));
#1512 = DIRECTION('',(1.,0.,-0.));
#1513 = ADVANCED_FACE('',(#1514),#1532,.T.);
#1514 = FACE_BOUND('',#1515,.T.);
#1515 = EDGE_LOOP('',(#1516,#1524,#1530,#1531));
#1516 = ORIENTED_EDGE('',*,*,#1517,.F.);
#1517 = EDGE_CURVE('',#1518,#1291,#1520,.T.);
#1518 = VERTEX_POINT('',#1519);
#1519 = CARTESIAN_POINT('',(4.85,9.7,-1.6));
#1520 = LINE('',#1521,#1522);
#1521 = CARTESIAN_POINT('',(4.85,9.7,-1.6));
#1522 = VECTOR('',#1523,1.);
#1523 = DIRECTION('',(0.,0.,1.));
#1524 = ORIENTED_EDGE('',*,*,#1525,.F.);
#1525 = EDGE_CURVE('',#1258,#1518,#1526,.T.);
#1526 = LINE('',#1527,#1528);
#1527 = CARTESIAN_POINT('',(4.7,9.7,-1.6));
#1528 = VECTOR('',#1529,1.);
#1529 = DIRECTION('',(1.,0.,0.));
#1530 = ORIENTED_EDGE('',*,*,#1265,.T.);
#1531 = ORIENTED_EDGE('',*,*,#1290,.F.);
#1532 = PLANE('',#1533);
#1533 = AXIS2_PLACEMENT_3D('',#1534,#1535,#1536);
#1534 = CARTESIAN_POINT('',(4.7,9.7,-1.6));
#1535 = DIRECTION('',(0.,1.,0.));
#1536 = DIRECTION('',(0.,-0.,1.));
#1537 = ADVANCED_FACE('',(#1538),#1556,.F.);
#1538 = FACE_BOUND('',#1539,.F.);
#1539 = EDGE_LOOP('',(#1540,#1541,#1549,#1555));
#1540 = ORIENTED_EDGE('',*,*,#1257,.F.);
#1541 = ORIENTED_EDGE('',*,*,#1542,.T.);
#1542 = EDGE_CURVE('',#1250,#1543,#1545,.T.);
#1543 = VERTEX_POINT('',#1544);
#1544 = CARTESIAN_POINT('',(4.85,8.6,-1.6));
#1545 = LINE('',#1546,#1547);
#1546 = CARTESIAN_POINT('',(4.7,8.6,-1.6));
#1547 = VECTOR('',#1548,1.);
#1548 = DIRECTION('',(1.,0.,0.));
#1549 = ORIENTED_EDGE('',*,*,#1550,.T.);
#1550 = EDGE_CURVE('',#1543,#1518,#1551,.T.);
#1551 = LINE('',#1552,#1553);
#1552 = CARTESIAN_POINT('',(4.85,8.6,-1.6));
#1553 = VECTOR('',#1554,1.);
#1554 = DIRECTION('',(0.,1.,0.));
#1555 = ORIENTED_EDGE('',*,*,#1525,.F.);
#1556 = PLANE('',#1557);
#1557 = AXIS2_PLACEMENT_3D('',#1558,#1559,#1560);
#1558 = CARTESIAN_POINT('',(4.7,8.6,-1.6));
#1559 = DIRECTION('',(0.,0.,1.));
#1560 = DIRECTION('',(1.,0.,-0.));
#1561 = ADVANCED_FACE('',(#1562),#1573,.F.);
#1562 = FACE_BOUND('',#1563,.F.);
#1563 = EDGE_LOOP('',(#1564,#1570,#1571,#1572));
#1564 = ORIENTED_EDGE('',*,*,#1565,.F.);
#1565 = EDGE_CURVE('',#1543,#1299,#1566,.T.);
#1566 = LINE('',#1567,#1568);
#1567 = CARTESIAN_POINT('',(4.85,8.6,-1.6));
#1568 = VECTOR('',#1569,1.);
#1569 = DIRECTION('',(0.,0.,1.));
#1570 = ORIENTED_EDGE('',*,*,#1542,.F.);
#1571 = ORIENTED_EDGE('',*,*,#1249,.T.);
#1572 = ORIENTED_EDGE('',*,*,#1306,.F.);
#1573 = PLANE('',#1574);
#1574 = AXIS2_PLACEMENT_3D('',#1575,#1576,#1577);
#1575 = CARTESIAN_POINT('',(4.7,8.6,-1.6));
#1576 = DIRECTION('',(0.,1.,0.));
#1577 = DIRECTION('',(0.,-0.,1.));
#1578 = ADVANCED_FACE('',(#1579),#1597,.F.);
#1579 = FACE_BOUND('',#1580,.F.);
#1580 = EDGE_LOOP('',(#1581,#1589,#1595,#1596));
#1581 = ORIENTED_EDGE('',*,*,#1582,.F.);
#1582 = EDGE_CURVE('',#1583,#1322,#1585,.T.);
#1583 = VERTEX_POINT('',#1584);
#1584 = CARTESIAN_POINT('',(4.85,2.2,-1.6));
#1585 = LINE('',#1586,#1587);
#1586 = CARTESIAN_POINT('',(4.85,2.2,-1.6));
#1587 = VECTOR('',#1588,1.);
#1588 = DIRECTION('',(0.,0.,1.));
#1589 = ORIENTED_EDGE('',*,*,#1590,.F.);
#1590 = EDGE_CURVE('',#1218,#1583,#1591,.T.);
#1591 = LINE('',#1592,#1593);
#1592 = CARTESIAN_POINT('',(4.7,2.2,-1.6));
#1593 = VECTOR('',#1594,1.);
#1594 = DIRECTION('',(1.,0.,0.));
#1595 = ORIENTED_EDGE('',*,*,#1217,.T.);
#1596 = ORIENTED_EDGE('',*,*,#1329,.F.);
#1597 = PLANE('',#1598);
#1598 = AXIS2_PLACEMENT_3D('',#1599,#1600,#1601);
#1599 = CARTESIAN_POINT('',(4.7,2.2,-1.6));
#1600 = DIRECTION('',(0.,1.,0.));
#1601 = DIRECTION('',(0.,-0.,1.));
#1602 = ADVANCED_FACE('',(#1603),#1621,.T.);
#1603 = FACE_BOUND('',#1604,.T.);
#1604 = EDGE_LOOP('',(#1605,#1606,#1614,#1620));
#1605 = ORIENTED_EDGE('',*,*,#1582,.F.);
#1606 = ORIENTED_EDGE('',*,*,#1607,.T.);
#1607 = EDGE_CURVE('',#1583,#1608,#1610,.T.);
#1608 = VERTEX_POINT('',#1609);
#1609 = CARTESIAN_POINT('',(4.85,3.3,-1.6));
#1610 = LINE('',#1611,#1612);
#1611 = CARTESIAN_POINT('',(4.85,2.2,-1.6));
#1612 = VECTOR('',#1613,1.);
#1613 = DIRECTION('',(0.,1.,0.));
#1614 = ORIENTED_EDGE('',*,*,#1615,.T.);
#1615 = EDGE_CURVE('',#1608,#1314,#1616,.T.);
#1616 = LINE('',#1617,#1618);
#1617 = CARTESIAN_POINT('',(4.85,3.3,-1.6));
#1618 = VECTOR('',#1619,1.);
#1619 = DIRECTION('',(0.,0.,1.));
#1620 = ORIENTED_EDGE('',*,*,#1321,.F.);
#1621 = PLANE('',#1622);
#1622 = AXIS2_PLACEMENT_3D('',#1623,#1624,#1625);
#1623 = CARTESIAN_POINT('',(4.85,2.2,-1.6));
#1624 = DIRECTION('',(1.,0.,0.));
#1625 = DIRECTION('',(0.,0.,1.));
#1626 = ADVANCED_FACE('',(#1627),#1638,.T.);
#1627 = FACE_BOUND('',#1628,.T.);
#1628 = EDGE_LOOP('',(#1629,#1630,#1636,#1637));
#1629 = ORIENTED_EDGE('',*,*,#1615,.F.);
#1630 = ORIENTED_EDGE('',*,*,#1631,.F.);
#1631 = EDGE_CURVE('',#1226,#1608,#1632,.T.);
#1632 = LINE('',#1633,#1634);
#1633 = CARTESIAN_POINT('',(4.7,3.3,-1.6));
#1634 = VECTOR('',#1635,1.);
#1635 = DIRECTION('',(1.,0.,0.));
#1636 = ORIENTED_EDGE('',*,*,#1233,.T.);
#1637 = ORIENTED_EDGE('',*,*,#1313,.F.);
#1638 = PLANE('',#1639);
#1639 = AXIS2_PLACEMENT_3D('',#1640,#1641,#1642);
#1640 = CARTESIAN_POINT('',(4.7,3.3,-1.6));
#1641 = DIRECTION('',(0.,1.,0.));
#1642 = DIRECTION('',(0.,-0.,1.));
#1643 = ADVANCED_FACE('',(#1644),#1650,.T.);
#1644 = FACE_BOUND('',#1645,.T.);
#1645 = EDGE_LOOP('',(#1646,#1647,#1648,#1649));
#1646 = ORIENTED_EDGE('',*,*,#1565,.F.);
#1647 = ORIENTED_EDGE('',*,*,#1550,.T.);
#1648 = ORIENTED_EDGE('',*,*,#1517,.T.);
#1649 = ORIENTED_EDGE('',*,*,#1298,.F.);
#1650 = PLANE('',#1651);
#1651 = AXIS2_PLACEMENT_3D('',#1652,#1653,#1654);
#1652 = CARTESIAN_POINT('',(4.85,8.6,-1.6));
#1653 = DIRECTION('',(1.,0.,0.));
#1654 = DIRECTION('',(0.,0.,1.));
#1655 = ADVANCED_FACE('',(#1656),#1662,.F.);
#1656 = FACE_BOUND('',#1657,.F.);
#1657 = EDGE_LOOP('',(#1658,#1659,#1660,#1661));
#1658 = ORIENTED_EDGE('',*,*,#1225,.F.);
#1659 = ORIENTED_EDGE('',*,*,#1590,.T.);
#1660 = ORIENTED_EDGE('',*,*,#1607,.T.);
#1661 = ORIENTED_EDGE('',*,*,#1631,.F.);
#1662 = PLANE('',#1663);
#1663 = AXIS2_PLACEMENT_3D('',#1664,#1665,#1666);
#1664 = CARTESIAN_POINT('',(4.7,2.2,-1.6));
#1665 = DIRECTION('',(0.,0.,1.));
#1666 = DIRECTION('',(1.,0.,-0.));
#1667 = ( GEOMETRIC_REPRESENTATION_CONTEXT(3) 
GLOBAL_UNCERTAINTY_ASSIGNED_CONTEXT((#1671)) 
GLOBAL_UNIT_ASSIGNED_CONTEXT((#1668,#1669,#1670)) REPRESENTATION_CONTEXT
('Context #1','3D Context with UNIT and UNCERTAINTY') );
#1668 = ( LENGTH_UNIT() NAMED_UNIT(*) SI_UNIT(.MILLI.,.METRE.) );
#1669 = ( NAMED_UNIT(*) PLANE_ANGLE_UNIT() SI_UNIT($,.RADIAN.) );
#1670 = ( NAMED_UNIT(*) SI_UNIT($,.STERADIAN.) SOLID_ANGLE_UNIT() );
#1671 = UNCERTAINTY_MEASURE_WITH_UNIT(LENGTH_MEASURE(1.E-07),#1668,
  'distance_accuracy_value','confusion accuracy');
#1672 = CONTEXT_DEPENDENT_SHAPE_REPRESENTATION(#1673,#1675);
#1673 = ( REPRESENTATION_RELATIONSHIP('','',#856,#67) 
REPRESENTATION_RELATIONSHIP_WITH_TRANSFORMATION(#1674) 
SHAPE_REPRESENTATION_RELATIONSHIP() );
#1674 = ITEM_DEFINED_TRANSFORMATION('','',#11,#72);
#1675 = PRODUCT_DEFINITION_SHAPE('Placement','Placement of an item',
  #1676);
#1676 = NEXT_ASSEMBLY_USAGE_OCCURRENCE('2',
  'contiguous_stamped_shield_and_four_stakes','',#62,#851,$);
#1677 = PRODUCT_RELATED_PRODUCT_CATEGORY('part',$,(#853));
#1678 = SHAPE_DEFINITION_REPRESENTATION(#1679,#1685);
#1679 = PRODUCT_DEFINITION_SHAPE('','',#1680);
#1680 = PRODUCT_DEFINITION('design','',#1681,#1684);
#1681 = PRODUCT_DEFINITION_FORMATION('','',#1682);
#1682 = PRODUCT('plastic_centre_boss_with_ID_hole',
  'plastic_centre_boss_with_ID_hole','',(#1683));
#1683 = PRODUCT_CONTEXT('',#2,'mechanical');
#1684 = PRODUCT_DEFINITION_CONTEXT('part definition',#2,'design');
#1685 = ADVANCED_BREP_SHAPE_REPRESENTATION('',(#11,#1686),#1778);
#1686 = MANIFOLD_SOLID_BREP('',#1687);
#1687 = CLOSED_SHELL('',(#1688,#1721,#1741,#1761));
#1688 = ADVANCED_FACE('',(#1689),#1716,.T.);
#1689 = FACE_BOUND('',#1690,.T.);
#1690 = EDGE_LOOP('',(#1691,#1700,#1708,#1715));
#1691 = ORIENTED_EDGE('',*,*,#1692,.F.);
#1692 = EDGE_CURVE('',#1693,#1693,#1695,.T.);
#1693 = VERTEX_POINT('',#1694);
#1694 = CARTESIAN_POINT('',(-4.041334437186E-16,8.6,6.55));
#1695 = CIRCLE('',#1696,1.65);
#1696 = AXIS2_PLACEMENT_3D('',#1697,#1698,#1699);
#1697 = CARTESIAN_POINT('',(0.,8.6,4.9));
#1698 = DIRECTION('',(0.,1.,0.));
#1699 = DIRECTION('',(0.,-0.,1.));
#1700 = ORIENTED_EDGE('',*,*,#1701,.F.);
#1701 = EDGE_CURVE('',#1702,#1693,#1704,.T.);
#1702 = VERTEX_POINT('',#1703);
#1703 = CARTESIAN_POINT('',(-4.041334437186E-16,0.7,6.55));
#1704 = LINE('',#1705,#1706);
#1705 = CARTESIAN_POINT('',(-4.041334437186E-16,0.7,6.55));
#1706 = VECTOR('',#1707,1.);
#1707 = DIRECTION('',(0.,1.,0.));
#1708 = ORIENTED_EDGE('',*,*,#1709,.T.);
#1709 = EDGE_CURVE('',#1702,#1702,#1710,.T.);
#1710 = CIRCLE('',#1711,1.65);
#1711 = AXIS2_PLACEMENT_3D('',#1712,#1713,#1714);
#1712 = CARTESIAN_POINT('',(0.,0.7,4.9));
#1713 = DIRECTION('',(0.,1.,0.));
#1714 = DIRECTION('',(0.,-0.,1.));
#1715 = ORIENTED_EDGE('',*,*,#1701,.T.);
#1716 = CYLINDRICAL_SURFACE('',#1717,1.65);
#1717 = AXIS2_PLACEMENT_3D('',#1718,#1719,#1720);
#1718 = CARTESIAN_POINT('',(0.,0.7,4.9));
#1719 = DIRECTION('',(0.,1.,0.));
#1720 = DIRECTION('',(0.,-0.,1.));
#1721 = ADVANCED_FACE('',(#1722,#1725),#1736,.T.);
#1722 = FACE_BOUND('',#1723,.T.);
#1723 = EDGE_LOOP('',(#1724));
#1724 = ORIENTED_EDGE('',*,*,#1692,.T.);
#1725 = FACE_BOUND('',#1726,.T.);
#1726 = EDGE_LOOP('',(#1727));
#1727 = ORIENTED_EDGE('',*,*,#1728,.F.);
#1728 = EDGE_CURVE('',#1729,#1729,#1731,.T.);
#1729 = VERTEX_POINT('',#1730);
#1730 = CARTESIAN_POINT('',(-7.837739514543E-17,8.6,5.22));
#1731 = CIRCLE('',#1732,0.32);
#1732 = AXIS2_PLACEMENT_3D('',#1733,#1734,#1735);
#1733 = CARTESIAN_POINT('',(0.,8.6,4.9));
#1734 = DIRECTION('',(0.,1.,0.));
#1735 = DIRECTION('',(0.,-0.,1.));
#1736 = PLANE('',#1737);
#1737 = AXIS2_PLACEMENT_3D('',#1738,#1739,#1740);
#1738 = CARTESIAN_POINT('',(0.,8.6,4.9));
#1739 = DIRECTION('',(0.,1.,0.));
#1740 = DIRECTION('',(0.,-0.,1.));
#1741 = ADVANCED_FACE('',(#1742,#1745),#1756,.F.);
#1742 = FACE_BOUND('',#1743,.F.);
#1743 = EDGE_LOOP('',(#1744));
#1744 = ORIENTED_EDGE('',*,*,#1709,.T.);
#1745 = FACE_BOUND('',#1746,.F.);
#1746 = EDGE_LOOP('',(#1747));
#1747 = ORIENTED_EDGE('',*,*,#1748,.F.);
#1748 = EDGE_CURVE('',#1749,#1749,#1751,.T.);
#1749 = VERTEX_POINT('',#1750);
#1750 = CARTESIAN_POINT('',(-7.837739514543E-17,0.7,5.22));
#1751 = CIRCLE('',#1752,0.32);
#1752 = AXIS2_PLACEMENT_3D('',#1753,#1754,#1755);
#1753 = CARTESIAN_POINT('',(0.,0.7,4.9));
#1754 = DIRECTION('',(0.,1.,0.));
#1755 = DIRECTION('',(0.,-0.,1.));
#1756 = PLANE('',#1757);
#1757 = AXIS2_PLACEMENT_3D('',#1758,#1759,#1760);
#1758 = CARTESIAN_POINT('',(0.,0.7,4.9));
#1759 = DIRECTION('',(0.,1.,0.));
#1760 = DIRECTION('',(0.,-0.,1.));
#1761 = ADVANCED_FACE('',(#1762),#1773,.F.);
#1762 = FACE_BOUND('',#1763,.F.);
#1763 = EDGE_LOOP('',(#1764,#1765,#1771,#1772));
#1764 = ORIENTED_EDGE('',*,*,#1728,.F.);
#1765 = ORIENTED_EDGE('',*,*,#1766,.F.);
#1766 = EDGE_CURVE('',#1749,#1729,#1767,.T.);
#1767 = LINE('',#1768,#1769);
#1768 = CARTESIAN_POINT('',(-7.837739514543E-17,0.6,5.22));
#1769 = VECTOR('',#1770,1.);
#1770 = DIRECTION('',(0.,1.,0.));
#1771 = ORIENTED_EDGE('',*,*,#1748,.T.);
#1772 = ORIENTED_EDGE('',*,*,#1766,.T.);
#1773 = CYLINDRICAL_SURFACE('',#1774,0.32);
#1774 = AXIS2_PLACEMENT_3D('',#1775,#1776,#1777);
#1775 = CARTESIAN_POINT('',(0.,0.6,4.9));
#1776 = DIRECTION('',(0.,1.,0.));
#1777 = DIRECTION('',(0.,-0.,1.));
#1778 = ( GEOMETRIC_REPRESENTATION_CONTEXT(3) 
GLOBAL_UNCERTAINTY_ASSIGNED_CONTEXT((#1782)) 
GLOBAL_UNIT_ASSIGNED_CONTEXT((#1779,#1780,#1781)) REPRESENTATION_CONTEXT
('Context #1','3D Context with UNIT and UNCERTAINTY') );
#1779 = ( LENGTH_UNIT() NAMED_UNIT(*) SI_UNIT(.MILLI.,.METRE.) );
#1780 = ( NAMED_UNIT(*) PLANE_ANGLE_UNIT() SI_UNIT($,.RADIAN.) );
#1781 = ( NAMED_UNIT(*) SI_UNIT($,.STERADIAN.) SOLID_ANGLE_UNIT() );
#1782 = UNCERTAINTY_MEASURE_WITH_UNIT(LENGTH_MEASURE(1.E-07),#1779,
  'distance_accuracy_value','confusion accuracy');
#1783 = CONTEXT_DEPENDENT_SHAPE_REPRESENTATION(#1784,#1786);
#1784 = ( REPRESENTATION_RELATIONSHIP('','',#1685,#67) 
REPRESENTATION_RELATIONSHIP_WITH_TRANSFORMATION(#1785) 
SHAPE_REPRESENTATION_RELATIONSHIP() );
#1785 = ITEM_DEFINED_TRANSFORMATION('','',#11,#76);
#1786 = PRODUCT_DEFINITION_SHAPE('Placement','Placement of an item',
  #1787);
#1787 = NEXT_ASSEMBLY_USAGE_OCCURRENCE('3',
  'plastic_centre_boss_with_ID_hole','',#62,#1680,$);
#1788 = PRODUCT_RELATED_PRODUCT_CATEGORY('part',$,(#1682));
#1789 = SHAPE_DEFINITION_REPRESENTATION(#1790,#1796);
#1790 = PRODUCT_DEFINITION_SHAPE('','',#1791);
#1791 = PRODUCT_DEFINITION('design','',#1792,#1795);
#1792 = PRODUCT_DEFINITION_FORMATION('','',#1793);
#1793 = PRODUCT('barrel_side_contact_1','barrel_side_contact_1','',(
    #1794));
#1794 = PRODUCT_CONTEXT('',#2,'mechanical');
#1795 = PRODUCT_DEFINITION_CONTEXT('part definition',#2,'design');
#1796 = ADVANCED_BREP_SHAPE_REPRESENTATION('',(#11,#1797),#1947);
#1797 = MANIFOLD_SOLID_BREP('',#1798);
#1798 = CLOSED_SHELL('',(#1799,#1839,#1879,#1901,#1923,#1935));
#1799 = ADVANCED_FACE('',(#1800),#1834,.F.);
#1800 = FACE_BOUND('',#1801,.F.);
#1801 = EDGE_LOOP('',(#1802,#1812,#1820,#1828));
#1802 = ORIENTED_EDGE('',*,*,#1803,.F.);
#1803 = EDGE_CURVE('',#1804,#1806,#1808,.T.);
#1804 = VERTEX_POINT('',#1805);
#1805 = CARTESIAN_POINT('',(-3.08,2.05,4.45));
#1806 = VERTEX_POINT('',#1807);
#1807 = CARTESIAN_POINT('',(-3.08,2.05,5.35));
#1808 = LINE('',#1809,#1810);
#1809 = CARTESIAN_POINT('',(-3.08,2.05,4.45));
#1810 = VECTOR('',#1811,1.);
#1811 = DIRECTION('',(0.,0.,1.));
#1812 = ORIENTED_EDGE('',*,*,#1813,.T.);
#1813 = EDGE_CURVE('',#1804,#1814,#1816,.T.);
#1814 = VERTEX_POINT('',#1815);
#1815 = CARTESIAN_POINT('',(-3.08,6.25,4.45));
#1816 = LINE('',#1817,#1818);
#1817 = CARTESIAN_POINT('',(-3.08,2.05,4.45));
#1818 = VECTOR('',#1819,1.);
#1819 = DIRECTION('',(0.,1.,0.));
#1820 = ORIENTED_EDGE('',*,*,#1821,.T.);
#1821 = EDGE_CURVE('',#1814,#1822,#1824,.T.);
#1822 = VERTEX_POINT('',#1823);
#1823 = CARTESIAN_POINT('',(-3.08,6.25,5.35));
#1824 = LINE('',#1825,#1826);
#1825 = CARTESIAN_POINT('',(-3.08,6.25,4.45));
#1826 = VECTOR('',#1827,1.);
#1827 = DIRECTION('',(0.,0.,1.));
#1828 = ORIENTED_EDGE('',*,*,#1829,.F.);
#1829 = EDGE_CURVE('',#1806,#1822,#1830,.T.);
#1830 = LINE('',#1831,#1832);
#1831 = CARTESIAN_POINT('',(-3.08,2.05,5.35));
#1832 = VECTOR('',#1833,1.);
#1833 = DIRECTION('',(0.,1.,0.));
#1834 = PLANE('',#1835);
#1835 = AXIS2_PLACEMENT_3D('',#1836,#1837,#1838);
#1836 = CARTESIAN_POINT('',(-3.08,2.05,4.45));
#1837 = DIRECTION('',(1.,0.,0.));
#1838 = DIRECTION('',(0.,0.,1.));
#1839 = ADVANCED_FACE('',(#1840),#1874,.T.);
#1840 = FACE_BOUND('',#1841,.T.);
#1841 = EDGE_LOOP('',(#1842,#1852,#1860,#1868));
#1842 = ORIENTED_EDGE('',*,*,#1843,.F.);
#1843 = EDGE_CURVE('',#1844,#1846,#1848,.T.);
#1844 = VERTEX_POINT('',#1845);
#1845 = CARTESIAN_POINT('',(-2.72,2.05,4.45));
#1846 = VERTEX_POINT('',#1847);
#1847 = CARTESIAN_POINT('',(-2.72,2.05,5.35));
#1848 = LINE('',#1849,#1850);
#1849 = CARTESIAN_POINT('',(-2.72,2.05,4.45));
#1850 = VECTOR('',#1851,1.);
#1851 = DIRECTION('',(0.,0.,1.));
#1852 = ORIENTED_EDGE('',*,*,#1853,.T.);
#1853 = EDGE_CURVE('',#1844,#1854,#1856,.T.);
#1854 = VERTEX_POINT('',#1855);
#1855 = CARTESIAN_POINT('',(-2.72,6.25,4.45));
#1856 = LINE('',#1857,#1858);
#1857 = CARTESIAN_POINT('',(-2.72,2.05,4.45));
#1858 = VECTOR('',#1859,1.);
#1859 = DIRECTION('',(0.,1.,0.));
#1860 = ORIENTED_EDGE('',*,*,#1861,.T.);
#1861 = EDGE_CURVE('',#1854,#1862,#1864,.T.);
#1862 = VERTEX_POINT('',#1863);
#1863 = CARTESIAN_POINT('',(-2.72,6.25,5.35));
#1864 = LINE('',#1865,#1866);
#1865 = CARTESIAN_POINT('',(-2.72,6.25,4.45));
#1866 = VECTOR('',#1867,1.);
#1867 = DIRECTION('',(0.,0.,1.));
#1868 = ORIENTED_EDGE('',*,*,#1869,.F.);
#1869 = EDGE_CURVE('',#1846,#1862,#1870,.T.);
#1870 = LINE('',#1871,#1872);
#1871 = CARTESIAN_POINT('',(-2.72,2.05,5.35));
#1872 = VECTOR('',#1873,1.);
#1873 = DIRECTION('',(0.,1.,0.));
#1874 = PLANE('',#1875);
#1875 = AXIS2_PLACEMENT_3D('',#1876,#1877,#1878);
#1876 = CARTESIAN_POINT('',(-2.72,2.05,4.45));
#1877 = DIRECTION('',(1.,0.,0.));
#1878 = DIRECTION('',(0.,0.,1.));
#1879 = ADVANCED_FACE('',(#1880),#1896,.F.);
#1880 = FACE_BOUND('',#1881,.F.);
#1881 = EDGE_LOOP('',(#1882,#1888,#1889,#1895));
#1882 = ORIENTED_EDGE('',*,*,#1883,.F.);
#1883 = EDGE_CURVE('',#1804,#1844,#1884,.T.);
#1884 = LINE('',#1885,#1886);
#1885 = CARTESIAN_POINT('',(-3.08,2.05,4.45));
#1886 = VECTOR('',#1887,1.);
#1887 = DIRECTION('',(1.,0.,0.));
#1888 = ORIENTED_EDGE('',*,*,#1803,.T.);
#1889 = ORIENTED_EDGE('',*,*,#1890,.T.);
#1890 = EDGE_CURVE('',#1806,#1846,#1891,.T.);
#1891 = LINE('',#1892,#1893);
#1892 = CARTESIAN_POINT('',(-3.08,2.05,5.35));
#1893 = VECTOR('',#1894,1.);
#1894 = DIRECTION('',(1.,0.,0.));
#1895 = ORIENTED_EDGE('',*,*,#1843,.F.);
#1896 = PLANE('',#1897);
#1897 = AXIS2_PLACEMENT_3D('',#1898,#1899,#1900);
#1898 = CARTESIAN_POINT('',(-3.08,2.05,4.45));
#1899 = DIRECTION('',(0.,1.,0.));
#1900 = DIRECTION('',(0.,-0.,1.));
#1901 = ADVANCED_FACE('',(#1902),#1918,.T.);
#1902 = FACE_BOUND('',#1903,.T.);
#1903 = EDGE_LOOP('',(#1904,#1910,#1911,#1917));
#1904 = ORIENTED_EDGE('',*,*,#1905,.F.);
#1905 = EDGE_CURVE('',#1814,#1854,#1906,.T.);
#1906 = LINE('',#1907,#1908);
#1907 = CARTESIAN_POINT('',(-3.08,6.25,4.45));
#1908 = VECTOR('',#1909,1.);
#1909 = DIRECTION('',(1.,0.,0.));
#1910 = ORIENTED_EDGE('',*,*,#1821,.T.);
#1911 = ORIENTED_EDGE('',*,*,#1912,.T.);
#1912 = EDGE_CURVE('',#1822,#1862,#1913,.T.);
#1913 = LINE('',#1914,#1915);
#1914 = CARTESIAN_POINT('',(-3.08,6.25,5.35));
#1915 = VECTOR('',#1916,1.);
#1916 = DIRECTION('',(1.,0.,0.));
#1917 = ORIENTED_EDGE('',*,*,#1861,.F.);
#1918 = PLANE('',#1919);
#1919 = AXIS2_PLACEMENT_3D('',#1920,#1921,#1922);
#1920 = CARTESIAN_POINT('',(-3.08,6.25,4.45));
#1921 = DIRECTION('',(0.,1.,0.));
#1922 = DIRECTION('',(0.,-0.,1.));
#1923 = ADVANCED_FACE('',(#1924),#1930,.F.);
#1924 = FACE_BOUND('',#1925,.F.);
#1925 = EDGE_LOOP('',(#1926,#1927,#1928,#1929));
#1926 = ORIENTED_EDGE('',*,*,#1813,.F.);
#1927 = ORIENTED_EDGE('',*,*,#1883,.T.);
#1928 = ORIENTED_EDGE('',*,*,#1853,.T.);
#1929 = ORIENTED_EDGE('',*,*,#1905,.F.);
#1930 = PLANE('',#1931);
#1931 = AXIS2_PLACEMENT_3D('',#1932,#1933,#1934);
#1932 = CARTESIAN_POINT('',(-3.08,2.05,4.45));
#1933 = DIRECTION('',(0.,0.,1.));
#1934 = DIRECTION('',(1.,0.,-0.));
#1935 = ADVANCED_FACE('',(#1936),#1942,.T.);
#1936 = FACE_BOUND('',#1937,.T.);
#1937 = EDGE_LOOP('',(#1938,#1939,#1940,#1941));
#1938 = ORIENTED_EDGE('',*,*,#1829,.F.);
#1939 = ORIENTED_EDGE('',*,*,#1890,.T.);
#1940 = ORIENTED_EDGE('',*,*,#1869,.T.);
#1941 = ORIENTED_EDGE('',*,*,#1912,.F.);
#1942 = PLANE('',#1943);
#1943 = AXIS2_PLACEMENT_3D('',#1944,#1945,#1946);
#1944 = CARTESIAN_POINT('',(-3.08,2.05,5.35));
#1945 = DIRECTION('',(0.,0.,1.));
#1946 = DIRECTION('',(1.,0.,-0.));
#1947 = ( GEOMETRIC_REPRESENTATION_CONTEXT(3) 
GLOBAL_UNCERTAINTY_ASSIGNED_CONTEXT((#1951)) 
GLOBAL_UNIT_ASSIGNED_CONTEXT((#1948,#1949,#1950)) REPRESENTATION_CONTEXT
('Context #1','3D Context with UNIT and UNCERTAINTY') );
#1948 = ( LENGTH_UNIT() NAMED_UNIT(*) SI_UNIT(.MILLI.,.METRE.) );
#1949 = ( NAMED_UNIT(*) PLANE_ANGLE_UNIT() SI_UNIT($,.RADIAN.) );
#1950 = ( NAMED_UNIT(*) SI_UNIT($,.STERADIAN.) SOLID_ANGLE_UNIT() );
#1951 = UNCERTAINTY_MEASURE_WITH_UNIT(LENGTH_MEASURE(1.E-07),#1948,
  'distance_accuracy_value','confusion accuracy');
#1952 = CONTEXT_DEPENDENT_SHAPE_REPRESENTATION(#1953,#1955);
#1953 = ( REPRESENTATION_RELATIONSHIP('','',#1796,#67) 
REPRESENTATION_RELATIONSHIP_WITH_TRANSFORMATION(#1954) 
SHAPE_REPRESENTATION_RELATIONSHIP() );
#1954 = ITEM_DEFINED_TRANSFORMATION('','',#11,#80);
#1955 = PRODUCT_DEFINITION_SHAPE('Placement','Placement of an item',
  #1956);
#1956 = NEXT_ASSEMBLY_USAGE_OCCURRENCE('4','barrel_side_contact_1','',
  #62,#1791,$);
#1957 = PRODUCT_RELATED_PRODUCT_CATEGORY('part',$,(#1793));
#1958 = SHAPE_DEFINITION_REPRESENTATION(#1959,#1965);
#1959 = PRODUCT_DEFINITION_SHAPE('','',#1960);
#1960 = PRODUCT_DEFINITION('design','',#1961,#1964);
#1961 = PRODUCT_DEFINITION_FORMATION('','',#1962);
#1962 = PRODUCT('barrel_side_contact_2','barrel_side_contact_2','',(
    #1963));
#1963 = PRODUCT_CONTEXT('',#2,'mechanical');
#1964 = PRODUCT_DEFINITION_CONTEXT('part definition',#2,'design');
#1965 = ADVANCED_BREP_SHAPE_REPRESENTATION('',(#11,#1966),#2116);
#1966 = MANIFOLD_SOLID_BREP('',#1967);
#1967 = CLOSED_SHELL('',(#1968,#2008,#2048,#2070,#2092,#2104));
#1968 = ADVANCED_FACE('',(#1969),#2003,.F.);
#1969 = FACE_BOUND('',#1970,.F.);
#1970 = EDGE_LOOP('',(#1971,#1981,#1989,#1997));
#1971 = ORIENTED_EDGE('',*,*,#1972,.F.);
#1972 = EDGE_CURVE('',#1973,#1975,#1977,.T.);
#1973 = VERTEX_POINT('',#1974);
#1974 = CARTESIAN_POINT('',(2.72,2.05,4.45));
#1975 = VERTEX_POINT('',#1976);
#1976 = CARTESIAN_POINT('',(2.72,2.05,5.35));
#1977 = LINE('',#1978,#1979);
#1978 = CARTESIAN_POINT('',(2.72,2.05,4.45));
#1979 = VECTOR('',#1980,1.);
#1980 = DIRECTION('',(0.,0.,1.));
#1981 = ORIENTED_EDGE('',*,*,#1982,.T.);
#1982 = EDGE_CURVE('',#1973,#1983,#1985,.T.);
#1983 = VERTEX_POINT('',#1984);
#1984 = CARTESIAN_POINT('',(2.72,6.25,4.45));
#1985 = LINE('',#1986,#1987);
#1986 = CARTESIAN_POINT('',(2.72,2.05,4.45));
#1987 = VECTOR('',#1988,1.);
#1988 = DIRECTION('',(0.,1.,0.));
#1989 = ORIENTED_EDGE('',*,*,#1990,.T.);
#1990 = EDGE_CURVE('',#1983,#1991,#1993,.T.);
#1991 = VERTEX_POINT('',#1992);
#1992 = CARTESIAN_POINT('',(2.72,6.25,5.35));
#1993 = LINE('',#1994,#1995);
#1994 = CARTESIAN_POINT('',(2.72,6.25,4.45));
#1995 = VECTOR('',#1996,1.);
#1996 = DIRECTION('',(0.,0.,1.));
#1997 = ORIENTED_EDGE('',*,*,#1998,.F.);
#1998 = EDGE_CURVE('',#1975,#1991,#1999,.T.);
#1999 = LINE('',#2000,#2001);
#2000 = CARTESIAN_POINT('',(2.72,2.05,5.35));
#2001 = VECTOR('',#2002,1.);
#2002 = DIRECTION('',(0.,1.,0.));
#2003 = PLANE('',#2004);
#2004 = AXIS2_PLACEMENT_3D('',#2005,#2006,#2007);
#2005 = CARTESIAN_POINT('',(2.72,2.05,4.45));
#2006 = DIRECTION('',(1.,0.,0.));
#2007 = DIRECTION('',(0.,0.,1.));
#2008 = ADVANCED_FACE('',(#2009),#2043,.T.);
#2009 = FACE_BOUND('',#2010,.T.);
#2010 = EDGE_LOOP('',(#2011,#2021,#2029,#2037));
#2011 = ORIENTED_EDGE('',*,*,#2012,.F.);
#2012 = EDGE_CURVE('',#2013,#2015,#2017,.T.);
#2013 = VERTEX_POINT('',#2014);
#2014 = CARTESIAN_POINT('',(3.08,2.05,4.45));
#2015 = VERTEX_POINT('',#2016);
#2016 = CARTESIAN_POINT('',(3.08,2.05,5.35));
#2017 = LINE('',#2018,#2019);
#2018 = CARTESIAN_POINT('',(3.08,2.05,4.45));
#2019 = VECTOR('',#2020,1.);
#2020 = DIRECTION('',(0.,0.,1.));
#2021 = ORIENTED_EDGE('',*,*,#2022,.T.);
#2022 = EDGE_CURVE('',#2013,#2023,#2025,.T.);
#2023 = VERTEX_POINT('',#2024);
#2024 = CARTESIAN_POINT('',(3.08,6.25,4.45));
#2025 = LINE('',#2026,#2027);
#2026 = CARTESIAN_POINT('',(3.08,2.05,4.45));
#2027 = VECTOR('',#2028,1.);
#2028 = DIRECTION('',(0.,1.,0.));
#2029 = ORIENTED_EDGE('',*,*,#2030,.T.);
#2030 = EDGE_CURVE('',#2023,#2031,#2033,.T.);
#2031 = VERTEX_POINT('',#2032);
#2032 = CARTESIAN_POINT('',(3.08,6.25,5.35));
#2033 = LINE('',#2034,#2035);
#2034 = CARTESIAN_POINT('',(3.08,6.25,4.45));
#2035 = VECTOR('',#2036,1.);
#2036 = DIRECTION('',(0.,0.,1.));
#2037 = ORIENTED_EDGE('',*,*,#2038,.F.);
#2038 = EDGE_CURVE('',#2015,#2031,#2039,.T.);
#2039 = LINE('',#2040,#2041);
#2040 = CARTESIAN_POINT('',(3.08,2.05,5.35));
#2041 = VECTOR('',#2042,1.);
#2042 = DIRECTION('',(0.,1.,0.));
#2043 = PLANE('',#2044);
#2044 = AXIS2_PLACEMENT_3D('',#2045,#2046,#2047);
#2045 = CARTESIAN_POINT('',(3.08,2.05,4.45));
#2046 = DIRECTION('',(1.,0.,0.));
#2047 = DIRECTION('',(0.,0.,1.));
#2048 = ADVANCED_FACE('',(#2049),#2065,.F.);
#2049 = FACE_BOUND('',#2050,.F.);
#2050 = EDGE_LOOP('',(#2051,#2057,#2058,#2064));
#2051 = ORIENTED_EDGE('',*,*,#2052,.F.);
#2052 = EDGE_CURVE('',#1973,#2013,#2053,.T.);
#2053 = LINE('',#2054,#2055);
#2054 = CARTESIAN_POINT('',(2.72,2.05,4.45));
#2055 = VECTOR('',#2056,1.);
#2056 = DIRECTION('',(1.,0.,0.));
#2057 = ORIENTED_EDGE('',*,*,#1972,.T.);
#2058 = ORIENTED_EDGE('',*,*,#2059,.T.);
#2059 = EDGE_CURVE('',#1975,#2015,#2060,.T.);
#2060 = LINE('',#2061,#2062);
#2061 = CARTESIAN_POINT('',(2.72,2.05,5.35));
#2062 = VECTOR('',#2063,1.);
#2063 = DIRECTION('',(1.,0.,0.));
#2064 = ORIENTED_EDGE('',*,*,#2012,.F.);
#2065 = PLANE('',#2066);
#2066 = AXIS2_PLACEMENT_3D('',#2067,#2068,#2069);
#2067 = CARTESIAN_POINT('',(2.72,2.05,4.45));
#2068 = DIRECTION('',(0.,1.,0.));
#2069 = DIRECTION('',(0.,-0.,1.));
#2070 = ADVANCED_FACE('',(#2071),#2087,.T.);
#2071 = FACE_BOUND('',#2072,.T.);
#2072 = EDGE_LOOP('',(#2073,#2079,#2080,#2086));
#2073 = ORIENTED_EDGE('',*,*,#2074,.F.);
#2074 = EDGE_CURVE('',#1983,#2023,#2075,.T.);
#2075 = LINE('',#2076,#2077);
#2076 = CARTESIAN_POINT('',(2.72,6.25,4.45));
#2077 = VECTOR('',#2078,1.);
#2078 = DIRECTION('',(1.,0.,0.));
#2079 = ORIENTED_EDGE('',*,*,#1990,.T.);
#2080 = ORIENTED_EDGE('',*,*,#2081,.T.);
#2081 = EDGE_CURVE('',#1991,#2031,#2082,.T.);
#2082 = LINE('',#2083,#2084);
#2083 = CARTESIAN_POINT('',(2.72,6.25,5.35));
#2084 = VECTOR('',#2085,1.);
#2085 = DIRECTION('',(1.,0.,0.));
#2086 = ORIENTED_EDGE('',*,*,#2030,.F.);
#2087 = PLANE('',#2088);
#2088 = AXIS2_PLACEMENT_3D('',#2089,#2090,#2091);
#2089 = CARTESIAN_POINT('',(2.72,6.25,4.45));
#2090 = DIRECTION('',(0.,1.,0.));
#2091 = DIRECTION('',(0.,-0.,1.));
#2092 = ADVANCED_FACE('',(#2093),#2099,.F.);
#2093 = FACE_BOUND('',#2094,.F.);
#2094 = EDGE_LOOP('',(#2095,#2096,#2097,#2098));
#2095 = ORIENTED_EDGE('',*,*,#1982,.F.);
#2096 = ORIENTED_EDGE('',*,*,#2052,.T.);
#2097 = ORIENTED_EDGE('',*,*,#2022,.T.);
#2098 = ORIENTED_EDGE('',*,*,#2074,.F.);
#2099 = PLANE('',#2100);
#2100 = AXIS2_PLACEMENT_3D('',#2101,#2102,#2103);
#2101 = CARTESIAN_POINT('',(2.72,2.05,4.45));
#2102 = DIRECTION('',(0.,0.,1.));
#2103 = DIRECTION('',(1.,0.,-0.));
#2104 = ADVANCED_FACE('',(#2105),#2111,.T.);
#2105 = FACE_BOUND('',#2106,.T.);
#2106 = EDGE_LOOP('',(#2107,#2108,#2109,#2110));
#2107 = ORIENTED_EDGE('',*,*,#1998,.F.);
#2108 = ORIENTED_EDGE('',*,*,#2059,.T.);
#2109 = ORIENTED_EDGE('',*,*,#2038,.T.);
#2110 = ORIENTED_EDGE('',*,*,#2081,.F.);
#2111 = PLANE('',#2112);
#2112 = AXIS2_PLACEMENT_3D('',#2113,#2114,#2115);
#2113 = CARTESIAN_POINT('',(2.72,2.05,5.35));
#2114 = DIRECTION('',(0.,0.,1.));
#2115 = DIRECTION('',(1.,0.,-0.));
#2116 = ( GEOMETRIC_REPRESENTATION_CONTEXT(3) 
GLOBAL_UNCERTAINTY_ASSIGNED_CONTEXT((#2120)) 
GLOBAL_UNIT_ASSIGNED_CONTEXT((#2117,#2118,#2119)) REPRESENTATION_CONTEXT
('Context #1','3D Context with UNIT and UNCERTAINTY') );
#2117 = ( LENGTH_UNIT() NAMED_UNIT(*) SI_UNIT(.MILLI.,.METRE.) );
#2118 = ( NAMED_UNIT(*) PLANE_ANGLE_UNIT() SI_UNIT($,.RADIAN.) );
#2119 = ( NAMED_UNIT(*) SI_UNIT($,.STERADIAN.) SOLID_ANGLE_UNIT() );
#2120 = UNCERTAINTY_MEASURE_WITH_UNIT(LENGTH_MEASURE(1.E-07),#2117,
  'distance_accuracy_value','confusion accuracy');
#2121 = CONTEXT_DEPENDENT_SHAPE_REPRESENTATION(#2122,#2124);
#2122 = ( REPRESENTATION_RELATIONSHIP('','',#1965,#67) 
REPRESENTATION_RELATIONSHIP_WITH_TRANSFORMATION(#2123) 
SHAPE_REPRESENTATION_RELATIONSHIP() );
#2123 = ITEM_DEFINED_TRANSFORMATION('','',#11,#84);
#2124 = PRODUCT_DEFINITION_SHAPE('Placement','Placement of an item',
  #2125);
#2125 = NEXT_ASSEMBLY_USAGE_OCCURRENCE('5','barrel_side_contact_2','',
  #62,#1960,$);
#2126 = PRODUCT_RELATED_PRODUCT_CATEGORY('part',$,(#1962));
#2127 = SHAPE_DEFINITION_REPRESENTATION(#2128,#2134);
#2128 = PRODUCT_DEFINITION_SHAPE('','',#2129);
#2129 = PRODUCT_DEFINITION('design','',#2130,#2133);
#2130 = PRODUCT_DEFINITION_FORMATION('','',#2131);
#2131 = PRODUCT('pad1_terminal_1_x-2.775_y12.25',
  'pad1_terminal_1_x-2.775_y12.25','',(#2132));
#2132 = PRODUCT_CONTEXT('',#2,'mechanical');
#2133 = PRODUCT_DEFINITION_CONTEXT('part definition',#2,'design');
#2134 = ADVANCED_BREP_SHAPE_REPRESENTATION('',(#11,#2135),#2285);
#2135 = MANIFOLD_SOLID_BREP('',#2136);
#2136 = CLOSED_SHELL('',(#2137,#2177,#2217,#2239,#2261,#2273));
#2137 = ADVANCED_FACE('',(#2138),#2172,.F.);
#2138 = FACE_BOUND('',#2139,.F.);
#2139 = EDGE_LOOP('',(#2140,#2150,#2158,#2166));
#2140 = ORIENTED_EDGE('',*,*,#2141,.F.);
#2141 = EDGE_CURVE('',#2142,#2144,#2146,.T.);
#2142 = VERTEX_POINT('',#2143);
#2143 = CARTESIAN_POINT('',(-3.35,12.09,-1.6));
#2144 = VERTEX_POINT('',#2145);
#2145 = CARTESIAN_POINT('',(-3.35,12.09,0.45));
#2146 = LINE('',#2147,#2148);
#2147 = CARTESIAN_POINT('',(-3.35,12.09,-1.6));
#2148 = VECTOR('',#2149,1.);
#2149 = DIRECTION('',(0.,0.,1.));
#2150 = ORIENTED_EDGE('',*,*,#2151,.T.);
#2151 = EDGE_CURVE('',#2142,#2152,#2154,.T.);
#2152 = VERTEX_POINT('',#2153);
#2153 = CARTESIAN_POINT('',(-3.35,12.41,-1.6));
#2154 = LINE('',#2155,#2156);
#2155 = CARTESIAN_POINT('',(-3.35,12.09,-1.6));
#2156 = VECTOR('',#2157,1.);
#2157 = DIRECTION('',(0.,1.,0.));
#2158 = ORIENTED_EDGE('',*,*,#2159,.T.);
#2159 = EDGE_CURVE('',#2152,#2160,#2162,.T.);
#2160 = VERTEX_POINT('',#2161);
#2161 = CARTESIAN_POINT('',(-3.35,12.41,0.45));
#2162 = LINE('',#2163,#2164);
#2163 = CARTESIAN_POINT('',(-3.35,12.41,-1.6));
#2164 = VECTOR('',#2165,1.);
#2165 = DIRECTION('',(0.,0.,1.));
#2166 = ORIENTED_EDGE('',*,*,#2167,.F.);
#2167 = EDGE_CURVE('',#2144,#2160,#2168,.T.);
#2168 = LINE('',#2169,#2170);
#2169 = CARTESIAN_POINT('',(-3.35,12.09,0.45));
#2170 = VECTOR('',#2171,1.);
#2171 = DIRECTION('',(0.,1.,0.));
#2172 = PLANE('',#2173);
#2173 = AXIS2_PLACEMENT_3D('',#2174,#2175,#2176);
#2174 = CARTESIAN_POINT('',(-3.35,12.09,-1.6));
#2175 = DIRECTION('',(1.,0.,0.));
#2176 = DIRECTION('',(0.,0.,1.));
#2177 = ADVANCED_FACE('',(#2178),#2212,.T.);
#2178 = FACE_BOUND('',#2179,.T.);
#2179 = EDGE_LOOP('',(#2180,#2190,#2198,#2206));
#2180 = ORIENTED_EDGE('',*,*,#2181,.F.);
#2181 = EDGE_CURVE('',#2182,#2184,#2186,.T.);
#2182 = VERTEX_POINT('',#2183);
#2183 = CARTESIAN_POINT('',(-2.2,12.09,-1.6));
#2184 = VERTEX_POINT('',#2185);
#2185 = CARTESIAN_POINT('',(-2.2,12.09,0.45));
#2186 = LINE('',#2187,#2188);
#2187 = CARTESIAN_POINT('',(-2.2,12.09,-1.6));
#2188 = VECTOR('',#2189,1.);
#2189 = DIRECTION('',(0.,0.,1.));
#2190 = ORIENTED_EDGE('',*,*,#2191,.T.);
#2191 = EDGE_CURVE('',#2182,#2192,#2194,.T.);
#2192 = VERTEX_POINT('',#2193);
#2193 = CARTESIAN_POINT('',(-2.2,12.41,-1.6));
#2194 = LINE('',#2195,#2196);
#2195 = CARTESIAN_POINT('',(-2.2,12.09,-1.6));
#2196 = VECTOR('',#2197,1.);
#2197 = DIRECTION('',(0.,1.,0.));
#2198 = ORIENTED_EDGE('',*,*,#2199,.T.);
#2199 = EDGE_CURVE('',#2192,#2200,#2202,.T.);
#2200 = VERTEX_POINT('',#2201);
#2201 = CARTESIAN_POINT('',(-2.2,12.41,0.45));
#2202 = LINE('',#2203,#2204);
#2203 = CARTESIAN_POINT('',(-2.2,12.41,-1.6));
#2204 = VECTOR('',#2205,1.);
#2205 = DIRECTION('',(0.,0.,1.));
#2206 = ORIENTED_EDGE('',*,*,#2207,.F.);
#2207 = EDGE_CURVE('',#2184,#2200,#2208,.T.);
#2208 = LINE('',#2209,#2210);
#2209 = CARTESIAN_POINT('',(-2.2,12.09,0.45));
#2210 = VECTOR('',#2211,1.);
#2211 = DIRECTION('',(0.,1.,0.));
#2212 = PLANE('',#2213);
#2213 = AXIS2_PLACEMENT_3D('',#2214,#2215,#2216);
#2214 = CARTESIAN_POINT('',(-2.2,12.09,-1.6));
#2215 = DIRECTION('',(1.,0.,0.));
#2216 = DIRECTION('',(0.,0.,1.));
#2217 = ADVANCED_FACE('',(#2218),#2234,.F.);
#2218 = FACE_BOUND('',#2219,.F.);
#2219 = EDGE_LOOP('',(#2220,#2226,#2227,#2233));
#2220 = ORIENTED_EDGE('',*,*,#2221,.F.);
#2221 = EDGE_CURVE('',#2142,#2182,#2222,.T.);
#2222 = LINE('',#2223,#2224);
#2223 = CARTESIAN_POINT('',(-3.35,12.09,-1.6));
#2224 = VECTOR('',#2225,1.);
#2225 = DIRECTION('',(1.,0.,0.));
#2226 = ORIENTED_EDGE('',*,*,#2141,.T.);
#2227 = ORIENTED_EDGE('',*,*,#2228,.T.);
#2228 = EDGE_CURVE('',#2144,#2184,#2229,.T.);
#2229 = LINE('',#2230,#2231);
#2230 = CARTESIAN_POINT('',(-3.35,12.09,0.45));
#2231 = VECTOR('',#2232,1.);
#2232 = DIRECTION('',(1.,0.,0.));
#2233 = ORIENTED_EDGE('',*,*,#2181,.F.);
#2234 = PLANE('',#2235);
#2235 = AXIS2_PLACEMENT_3D('',#2236,#2237,#2238);
#2236 = CARTESIAN_POINT('',(-3.35,12.09,-1.6));
#2237 = DIRECTION('',(0.,1.,0.));
#2238 = DIRECTION('',(0.,-0.,1.));
#2239 = ADVANCED_FACE('',(#2240),#2256,.T.);
#2240 = FACE_BOUND('',#2241,.T.);
#2241 = EDGE_LOOP('',(#2242,#2248,#2249,#2255));
#2242 = ORIENTED_EDGE('',*,*,#2243,.F.);
#2243 = EDGE_CURVE('',#2152,#2192,#2244,.T.);
#2244 = LINE('',#2245,#2246);
#2245 = CARTESIAN_POINT('',(-3.35,12.41,-1.6));
#2246 = VECTOR('',#2247,1.);
#2247 = DIRECTION('',(1.,0.,0.));
#2248 = ORIENTED_EDGE('',*,*,#2159,.T.);
#2249 = ORIENTED_EDGE('',*,*,#2250,.T.);
#2250 = EDGE_CURVE('',#2160,#2200,#2251,.T.);
#2251 = LINE('',#2252,#2253);
#2252 = CARTESIAN_POINT('',(-3.35,12.41,0.45));
#2253 = VECTOR('',#2254,1.);
#2254 = DIRECTION('',(1.,0.,0.));
#2255 = ORIENTED_EDGE('',*,*,#2199,.F.);
#2256 = PLANE('',#2257);
#2257 = AXIS2_PLACEMENT_3D('',#2258,#2259,#2260);
#2258 = CARTESIAN_POINT('',(-3.35,12.41,-1.6));
#2259 = DIRECTION('',(0.,1.,0.));
#2260 = DIRECTION('',(0.,-0.,1.));
#2261 = ADVANCED_FACE('',(#2262),#2268,.F.);
#2262 = FACE_BOUND('',#2263,.F.);
#2263 = EDGE_LOOP('',(#2264,#2265,#2266,#2267));
#2264 = ORIENTED_EDGE('',*,*,#2151,.F.);
#2265 = ORIENTED_EDGE('',*,*,#2221,.T.);
#2266 = ORIENTED_EDGE('',*,*,#2191,.T.);
#2267 = ORIENTED_EDGE('',*,*,#2243,.F.);
#2268 = PLANE('',#2269);
#2269 = AXIS2_PLACEMENT_3D('',#2270,#2271,#2272);
#2270 = CARTESIAN_POINT('',(-3.35,12.09,-1.6));
#2271 = DIRECTION('',(0.,0.,1.));
#2272 = DIRECTION('',(1.,0.,-0.));
#2273 = ADVANCED_FACE('',(#2274),#2280,.T.);
#2274 = FACE_BOUND('',#2275,.T.);
#2275 = EDGE_LOOP('',(#2276,#2277,#2278,#2279));
#2276 = ORIENTED_EDGE('',*,*,#2167,.F.);
#2277 = ORIENTED_EDGE('',*,*,#2228,.T.);
#2278 = ORIENTED_EDGE('',*,*,#2207,.T.);
#2279 = ORIENTED_EDGE('',*,*,#2250,.F.);
#2280 = PLANE('',#2281);
#2281 = AXIS2_PLACEMENT_3D('',#2282,#2283,#2284);
#2282 = CARTESIAN_POINT('',(-3.35,12.09,0.45));
#2283 = DIRECTION('',(0.,0.,1.));
#2284 = DIRECTION('',(1.,0.,-0.));
#2285 = ( GEOMETRIC_REPRESENTATION_CONTEXT(3) 
GLOBAL_UNCERTAINTY_ASSIGNED_CONTEXT((#2289)) 
GLOBAL_UNIT_ASSIGNED_CONTEXT((#2286,#2287,#2288)) REPRESENTATION_CONTEXT
('Context #1','3D Context with UNIT and UNCERTAINTY') );
#2286 = ( LENGTH_UNIT() NAMED_UNIT(*) SI_UNIT(.MILLI.,.METRE.) );
#2287 = ( NAMED_UNIT(*) PLANE_ANGLE_UNIT() SI_UNIT($,.RADIAN.) );
#2288 = ( NAMED_UNIT(*) SI_UNIT($,.STERADIAN.) SOLID_ANGLE_UNIT() );
#2289 = UNCERTAINTY_MEASURE_WITH_UNIT(LENGTH_MEASURE(1.E-07),#2286,
  'distance_accuracy_value','confusion accuracy');
#2290 = CONTEXT_DEPENDENT_SHAPE_REPRESENTATION(#2291,#2293);
#2291 = ( REPRESENTATION_RELATIONSHIP('','',#2134,#67) 
REPRESENTATION_RELATIONSHIP_WITH_TRANSFORMATION(#2292) 
SHAPE_REPRESENTATION_RELATIONSHIP() );
#2292 = ITEM_DEFINED_TRANSFORMATION('','',#11,#88);
#2293 = PRODUCT_DEFINITION_SHAPE('Placement','Placement of an item',
  #2294);
#2294 = NEXT_ASSEMBLY_USAGE_OCCURRENCE('6',
  'pad1_terminal_1_x-2.775_y12.25','',#62,#2129,$);
#2295 = PRODUCT_RELATED_PRODUCT_CATEGORY('part',$,(#2131));
#2296 = SHAPE_DEFINITION_REPRESENTATION(#2297,#2303);
#2297 = PRODUCT_DEFINITION_SHAPE('','',#2298);
#2298 = PRODUCT_DEFINITION('design','',#2299,#2302);
#2299 = PRODUCT_DEFINITION_FORMATION('','',#2300);
#2300 = PRODUCT('pad1_terminal_2_x2.775_y12.25',
  'pad1_terminal_2_x2.775_y12.25','',(#2301));
#2301 = PRODUCT_CONTEXT('',#2,'mechanical');
#2302 = PRODUCT_DEFINITION_CONTEXT('part definition',#2,'design');
#2303 = ADVANCED_BREP_SHAPE_REPRESENTATION('',(#11,#2304),#2454);
#2304 = MANIFOLD_SOLID_BREP('',#2305);
#2305 = CLOSED_SHELL('',(#2306,#2346,#2386,#2408,#2430,#2442));
#2306 = ADVANCED_FACE('',(#2307),#2341,.F.);
#2307 = FACE_BOUND('',#2308,.F.);
#2308 = EDGE_LOOP('',(#2309,#2319,#2327,#2335));
#2309 = ORIENTED_EDGE('',*,*,#2310,.F.);
#2310 = EDGE_CURVE('',#2311,#2313,#2315,.T.);
#2311 = VERTEX_POINT('',#2312);
#2312 = CARTESIAN_POINT('',(2.2,12.09,-1.6));
#2313 = VERTEX_POINT('',#2314);
#2314 = CARTESIAN_POINT('',(2.2,12.09,0.45));
#2315 = LINE('',#2316,#2317);
#2316 = CARTESIAN_POINT('',(2.2,12.09,-1.6));
#2317 = VECTOR('',#2318,1.);
#2318 = DIRECTION('',(0.,0.,1.));
#2319 = ORIENTED_EDGE('',*,*,#2320,.T.);
#2320 = EDGE_CURVE('',#2311,#2321,#2323,.T.);
#2321 = VERTEX_POINT('',#2322);
#2322 = CARTESIAN_POINT('',(2.2,12.41,-1.6));
#2323 = LINE('',#2324,#2325);
#2324 = CARTESIAN_POINT('',(2.2,12.09,-1.6));
#2325 = VECTOR('',#2326,1.);
#2326 = DIRECTION('',(0.,1.,0.));
#2327 = ORIENTED_EDGE('',*,*,#2328,.T.);
#2328 = EDGE_CURVE('',#2321,#2329,#2331,.T.);
#2329 = VERTEX_POINT('',#2330);
#2330 = CARTESIAN_POINT('',(2.2,12.41,0.45));
#2331 = LINE('',#2332,#2333);
#2332 = CARTESIAN_POINT('',(2.2,12.41,-1.6));
#2333 = VECTOR('',#2334,1.);
#2334 = DIRECTION('',(0.,0.,1.));
#2335 = ORIENTED_EDGE('',*,*,#2336,.F.);
#2336 = EDGE_CURVE('',#2313,#2329,#2337,.T.);
#2337 = LINE('',#2338,#2339);
#2338 = CARTESIAN_POINT('',(2.2,12.09,0.45));
#2339 = VECTOR('',#2340,1.);
#2340 = DIRECTION('',(0.,1.,0.));
#2341 = PLANE('',#2342);
#2342 = AXIS2_PLACEMENT_3D('',#2343,#2344,#2345);
#2343 = CARTESIAN_POINT('',(2.2,12.09,-1.6));
#2344 = DIRECTION('',(1.,0.,0.));
#2345 = DIRECTION('',(0.,0.,1.));
#2346 = ADVANCED_FACE('',(#2347),#2381,.T.);
#2347 = FACE_BOUND('',#2348,.T.);
#2348 = EDGE_LOOP('',(#2349,#2359,#2367,#2375));
#2349 = ORIENTED_EDGE('',*,*,#2350,.F.);
#2350 = EDGE_CURVE('',#2351,#2353,#2355,.T.);
#2351 = VERTEX_POINT('',#2352);
#2352 = CARTESIAN_POINT('',(3.35,12.09,-1.6));
#2353 = VERTEX_POINT('',#2354);
#2354 = CARTESIAN_POINT('',(3.35,12.09,0.45));
#2355 = LINE('',#2356,#2357);
#2356 = CARTESIAN_POINT('',(3.35,12.09,-1.6));
#2357 = VECTOR('',#2358,1.);
#2358 = DIRECTION('',(0.,0.,1.));
#2359 = ORIENTED_EDGE('',*,*,#2360,.T.);
#2360 = EDGE_CURVE('',#2351,#2361,#2363,.T.);
#2361 = VERTEX_POINT('',#2362);
#2362 = CARTESIAN_POINT('',(3.35,12.41,-1.6));
#2363 = LINE('',#2364,#2365);
#2364 = CARTESIAN_POINT('',(3.35,12.09,-1.6));
#2365 = VECTOR('',#2366,1.);
#2366 = DIRECTION('',(0.,1.,0.));
#2367 = ORIENTED_EDGE('',*,*,#2368,.T.);
#2368 = EDGE_CURVE('',#2361,#2369,#2371,.T.);
#2369 = VERTEX_POINT('',#2370);
#2370 = CARTESIAN_POINT('',(3.35,12.41,0.45));
#2371 = LINE('',#2372,#2373);
#2372 = CARTESIAN_POINT('',(3.35,12.41,-1.6));
#2373 = VECTOR('',#2374,1.);
#2374 = DIRECTION('',(0.,0.,1.));
#2375 = ORIENTED_EDGE('',*,*,#2376,.F.);
#2376 = EDGE_CURVE('',#2353,#2369,#2377,.T.);
#2377 = LINE('',#2378,#2379);
#2378 = CARTESIAN_POINT('',(3.35,12.09,0.45));
#2379 = VECTOR('',#2380,1.);
#2380 = DIRECTION('',(0.,1.,0.));
#2381 = PLANE('',#2382);
#2382 = AXIS2_PLACEMENT_3D('',#2383,#2384,#2385);
#2383 = CARTESIAN_POINT('',(3.35,12.09,-1.6));
#2384 = DIRECTION('',(1.,0.,0.));
#2385 = DIRECTION('',(0.,0.,1.));
#2386 = ADVANCED_FACE('',(#2387),#2403,.F.);
#2387 = FACE_BOUND('',#2388,.F.);
#2388 = EDGE_LOOP('',(#2389,#2395,#2396,#2402));
#2389 = ORIENTED_EDGE('',*,*,#2390,.F.);
#2390 = EDGE_CURVE('',#2311,#2351,#2391,.T.);
#2391 = LINE('',#2392,#2393);
#2392 = CARTESIAN_POINT('',(2.2,12.09,-1.6));
#2393 = VECTOR('',#2394,1.);
#2394 = DIRECTION('',(1.,0.,0.));
#2395 = ORIENTED_EDGE('',*,*,#2310,.T.);
#2396 = ORIENTED_EDGE('',*,*,#2397,.T.);
#2397 = EDGE_CURVE('',#2313,#2353,#2398,.T.);
#2398 = LINE('',#2399,#2400);
#2399 = CARTESIAN_POINT('',(2.2,12.09,0.45));
#2400 = VECTOR('',#2401,1.);
#2401 = DIRECTION('',(1.,0.,0.));
#2402 = ORIENTED_EDGE('',*,*,#2350,.F.);
#2403 = PLANE('',#2404);
#2404 = AXIS2_PLACEMENT_3D('',#2405,#2406,#2407);
#2405 = CARTESIAN_POINT('',(2.2,12.09,-1.6));
#2406 = DIRECTION('',(0.,1.,0.));
#2407 = DIRECTION('',(0.,-0.,1.));
#2408 = ADVANCED_FACE('',(#2409),#2425,.T.);
#2409 = FACE_BOUND('',#2410,.T.);
#2410 = EDGE_LOOP('',(#2411,#2417,#2418,#2424));
#2411 = ORIENTED_EDGE('',*,*,#2412,.F.);
#2412 = EDGE_CURVE('',#2321,#2361,#2413,.T.);
#2413 = LINE('',#2414,#2415);
#2414 = CARTESIAN_POINT('',(2.2,12.41,-1.6));
#2415 = VECTOR('',#2416,1.);
#2416 = DIRECTION('',(1.,0.,0.));
#2417 = ORIENTED_EDGE('',*,*,#2328,.T.);
#2418 = ORIENTED_EDGE('',*,*,#2419,.T.);
#2419 = EDGE_CURVE('',#2329,#2369,#2420,.T.);
#2420 = LINE('',#2421,#2422);
#2421 = CARTESIAN_POINT('',(2.2,12.41,0.45));
#2422 = VECTOR('',#2423,1.);
#2423 = DIRECTION('',(1.,0.,0.));
#2424 = ORIENTED_EDGE('',*,*,#2368,.F.);
#2425 = PLANE('',#2426);
#2426 = AXIS2_PLACEMENT_3D('',#2427,#2428,#2429);
#2427 = CARTESIAN_POINT('',(2.2,12.41,-1.6));
#2428 = DIRECTION('',(0.,1.,0.));
#2429 = DIRECTION('',(0.,-0.,1.));
#2430 = ADVANCED_FACE('',(#2431),#2437,.F.);
#2431 = FACE_BOUND('',#2432,.F.);
#2432 = EDGE_LOOP('',(#2433,#2434,#2435,#2436));
#2433 = ORIENTED_EDGE('',*,*,#2320,.F.);
#2434 = ORIENTED_EDGE('',*,*,#2390,.T.);
#2435 = ORIENTED_EDGE('',*,*,#2360,.T.);
#2436 = ORIENTED_EDGE('',*,*,#2412,.F.);
#2437 = PLANE('',#2438);
#2438 = AXIS2_PLACEMENT_3D('',#2439,#2440,#2441);
#2439 = CARTESIAN_POINT('',(2.2,12.09,-1.6));
#2440 = DIRECTION('',(0.,0.,1.));
#2441 = DIRECTION('',(1.,0.,-0.));
#2442 = ADVANCED_FACE('',(#2443),#2449,.T.);
#2443 = FACE_BOUND('',#2444,.T.);
#2444 = EDGE_LOOP('',(#2445,#2446,#2447,#2448));
#2445 = ORIENTED_EDGE('',*,*,#2336,.F.);
#2446 = ORIENTED_EDGE('',*,*,#2397,.T.);
#2447 = ORIENTED_EDGE('',*,*,#2376,.T.);
#2448 = ORIENTED_EDGE('',*,*,#2419,.F.);
#2449 = PLANE('',#2450);
#2450 = AXIS2_PLACEMENT_3D('',#2451,#2452,#2453);
#2451 = CARTESIAN_POINT('',(2.2,12.09,0.45));
#2452 = DIRECTION('',(0.,0.,1.));
#2453 = DIRECTION('',(1.,0.,-0.));
#2454 = ( GEOMETRIC_REPRESENTATION_CONTEXT(3) 
GLOBAL_UNCERTAINTY_ASSIGNED_CONTEXT((#2458)) 
GLOBAL_UNIT_ASSIGNED_CONTEXT((#2455,#2456,#2457)) REPRESENTATION_CONTEXT
('Context #1','3D Context with UNIT and UNCERTAINTY') );
#2455 = ( LENGTH_UNIT() NAMED_UNIT(*) SI_UNIT(.MILLI.,.METRE.) );
#2456 = ( NAMED_UNIT(*) PLANE_ANGLE_UNIT() SI_UNIT($,.RADIAN.) );
#2457 = ( NAMED_UNIT(*) SI_UNIT($,.STERADIAN.) SOLID_ANGLE_UNIT() );
#2458 = UNCERTAINTY_MEASURE_WITH_UNIT(LENGTH_MEASURE(1.E-07),#2455,
  'distance_accuracy_value','confusion accuracy');
#2459 = CONTEXT_DEPENDENT_SHAPE_REPRESENTATION(#2460,#2462);
#2460 = ( REPRESENTATION_RELATIONSHIP('','',#2303,#67) 
REPRESENTATION_RELATIONSHIP_WITH_TRANSFORMATION(#2461) 
SHAPE_REPRESENTATION_RELATIONSHIP() );
#2461 = ITEM_DEFINED_TRANSFORMATION('','',#11,#92);
#2462 = PRODUCT_DEFINITION_SHAPE('Placement','Placement of an item',
  #2463);
#2463 = NEXT_ASSEMBLY_USAGE_OCCURRENCE('7',
  'pad1_terminal_2_x2.775_y12.25','',#62,#2298,$);
#2464 = PRODUCT_RELATED_PRODUCT_CATEGORY('part',$,(#2300));
#2465 = SHAPE_DEFINITION_REPRESENTATION(#2466,#2472);
#2466 = PRODUCT_DEFINITION_SHAPE('','',#2467);
#2467 = PRODUCT_DEFINITION('design','',#2468,#2471);
#2468 = PRODUCT_DEFINITION_FORMATION('','',#2469);
#2469 = PRODUCT('pad2_terminal_3_x0_y12.25','pad2_terminal_3_x0_y12.25',
  '',(#2470));
#2470 = PRODUCT_CONTEXT('',#2,'mechanical');
#2471 = PRODUCT_DEFINITION_CONTEXT('part definition',#2,'design');
#2472 = ADVANCED_BREP_SHAPE_REPRESENTATION('',(#11,#2473),#2526);
#2473 = MANIFOLD_SOLID_BREP('',#2474);
#2474 = CLOSED_SHELL('',(#2475,#2508,#2517));
#2475 = ADVANCED_FACE('',(#2476),#2503,.T.);
#2476 = FACE_BOUND('',#2477,.T.);
#2477 = EDGE_LOOP('',(#2478,#2487,#2495,#2502));
#2478 = ORIENTED_EDGE('',*,*,#2479,.T.);
#2479 = EDGE_CURVE('',#2480,#2480,#2482,.T.);
#2480 = VERTEX_POINT('',#2481);
#2481 = CARTESIAN_POINT('',(0.25,12.25,-1.6));
#2482 = CIRCLE('',#2483,0.25);
#2483 = AXIS2_PLACEMENT_3D('',#2484,#2485,#2486);
#2484 = CARTESIAN_POINT('',(0.,12.25,-1.6));
#2485 = DIRECTION('',(0.,0.,1.));
#2486 = DIRECTION('',(1.,0.,-0.));
#2487 = ORIENTED_EDGE('',*,*,#2488,.T.);
#2488 = EDGE_CURVE('',#2480,#2489,#2491,.T.);
#2489 = VERTEX_POINT('',#2490);
#2490 = CARTESIAN_POINT('',(0.25,12.25,0.45));
#2491 = LINE('',#2492,#2493);
#2492 = CARTESIAN_POINT('',(0.25,12.25,-1.6));
#2493 = VECTOR('',#2494,1.);
#2494 = DIRECTION('',(0.,0.,1.));
#2495 = ORIENTED_EDGE('',*,*,#2496,.F.);
#2496 = EDGE_CURVE('',#2489,#2489,#2497,.T.);
#2497 = CIRCLE('',#2498,0.25);
#2498 = AXIS2_PLACEMENT_3D('',#2499,#2500,#2501);
#2499 = CARTESIAN_POINT('',(0.,12.25,0.45));
#2500 = DIRECTION('',(0.,0.,1.));
#2501 = DIRECTION('',(1.,0.,-0.));
#2502 = ORIENTED_EDGE('',*,*,#2488,.F.);
#2503 = CYLINDRICAL_SURFACE('',#2504,0.25);
#2504 = AXIS2_PLACEMENT_3D('',#2505,#2506,#2507);
#2505 = CARTESIAN_POINT('',(0.,12.25,-1.6));
#2506 = DIRECTION('',(-0.,-0.,-1.));
#2507 = DIRECTION('',(1.,0.,0.));
#2508 = ADVANCED_FACE('',(#2509),#2512,.F.);
#2509 = FACE_BOUND('',#2510,.F.);
#2510 = EDGE_LOOP('',(#2511));
#2511 = ORIENTED_EDGE('',*,*,#2479,.T.);
#2512 = PLANE('',#2513);
#2513 = AXIS2_PLACEMENT_3D('',#2514,#2515,#2516);
#2514 = CARTESIAN_POINT('',(-1.068312603546E-16,12.25,-1.6));
#2515 = DIRECTION('',(0.,0.,1.));
#2516 = DIRECTION('',(1.,0.,-0.));
#2517 = ADVANCED_FACE('',(#2518),#2521,.T.);
#2518 = FACE_BOUND('',#2519,.T.);
#2519 = EDGE_LOOP('',(#2520));
#2520 = ORIENTED_EDGE('',*,*,#2496,.T.);
#2521 = PLANE('',#2522);
#2522 = AXIS2_PLACEMENT_3D('',#2523,#2524,#2525);
#2523 = CARTESIAN_POINT('',(-1.068312603546E-16,12.25,0.45));
#2524 = DIRECTION('',(0.,0.,1.));
#2525 = DIRECTION('',(1.,0.,-0.));
#2526 = ( GEOMETRIC_REPRESENTATION_CONTEXT(3) 
GLOBAL_UNCERTAINTY_ASSIGNED_CONTEXT((#2530)) 
GLOBAL_UNIT_ASSIGNED_CONTEXT((#2527,#2528,#2529)) REPRESENTATION_CONTEXT
('Context #1','3D Context with UNIT and UNCERTAINTY') );
#2527 = ( LENGTH_UNIT() NAMED_UNIT(*) SI_UNIT(.MILLI.,.METRE.) );
#2528 = ( NAMED_UNIT(*) PLANE_ANGLE_UNIT() SI_UNIT($,.RADIAN.) );
#2529 = ( NAMED_UNIT(*) SI_UNIT($,.STERADIAN.) SOLID_ANGLE_UNIT() );
#2530 = UNCERTAINTY_MEASURE_WITH_UNIT(LENGTH_MEASURE(1.E-07),#2527,
  'distance_accuracy_value','confusion accuracy');
#2531 = CONTEXT_DEPENDENT_SHAPE_REPRESENTATION(#2532,#2534);
#2532 = ( REPRESENTATION_RELATIONSHIP('','',#2472,#67) 
REPRESENTATION_RELATIONSHIP_WITH_TRANSFORMATION(#2533) 
SHAPE_REPRESENTATION_RELATIONSHIP() );
#2533 = ITEM_DEFINED_TRANSFORMATION('','',#11,#96);
#2534 = PRODUCT_DEFINITION_SHAPE('Placement','Placement of an item',
  #2535);
#2535 = NEXT_ASSEMBLY_USAGE_OCCURRENCE('8','pad2_terminal_3_x0_y12.25',
  '',#62,#2467,$);
#2536 = PRODUCT_RELATED_PRODUCT_CATEGORY('part',$,(#2469));
#2537 = SHAPE_DEFINITION_REPRESENTATION(#2538,#2544);
#2538 = PRODUCT_DEFINITION_SHAPE('','',#2539);
#2539 = PRODUCT_DEFINITION('design','',#2540,#2543);
#2540 = PRODUCT_DEFINITION_FORMATION('','',#2541);
#2541 = PRODUCT('pad3_terminal_4_x0_y8.85','pad3_terminal_4_x0_y8.85',''
  ,(#2542));
#2542 = PRODUCT_CONTEXT('',#2,'mechanical');
#2543 = PRODUCT_DEFINITION_CONTEXT('part definition',#2,'design');
#2544 = ADVANCED_BREP_SHAPE_REPRESENTATION('',(#11,#2545),#2695);
#2545 = MANIFOLD_SOLID_BREP('',#2546);
#2546 = CLOSED_SHELL('',(#2547,#2587,#2627,#2649,#2671,#2683));
#2547 = ADVANCED_FACE('',(#2548),#2582,.F.);
#2548 = FACE_BOUND('',#2549,.F.);
#2549 = EDGE_LOOP('',(#2550,#2560,#2568,#2576));
#2550 = ORIENTED_EDGE('',*,*,#2551,.F.);
#2551 = EDGE_CURVE('',#2552,#2554,#2556,.T.);
#2552 = VERTEX_POINT('',#2553);
#2553 = CARTESIAN_POINT('',(-0.55,8.7,-1.6));
#2554 = VERTEX_POINT('',#2555);
#2555 = CARTESIAN_POINT('',(-0.55,8.7,0.45));
#2556 = LINE('',#2557,#2558);
#2557 = CARTESIAN_POINT('',(-0.55,8.7,-1.6));
#2558 = VECTOR('',#2559,1.);
#2559 = DIRECTION('',(0.,0.,1.));
#2560 = ORIENTED_EDGE('',*,*,#2561,.T.);
#2561 = EDGE_CURVE('',#2552,#2562,#2564,.T.);
#2562 = VERTEX_POINT('',#2563);
#2563 = CARTESIAN_POINT('',(-0.55,9.,-1.6));
#2564 = LINE('',#2565,#2566);
#2565 = CARTESIAN_POINT('',(-0.55,8.7,-1.6));
#2566 = VECTOR('',#2567,1.);
#2567 = DIRECTION('',(0.,1.,0.));
#2568 = ORIENTED_EDGE('',*,*,#2569,.T.);
#2569 = EDGE_CURVE('',#2562,#2570,#2572,.T.);
#2570 = VERTEX_POINT('',#2571);
#2571 = CARTESIAN_POINT('',(-0.55,9.,0.45));
#2572 = LINE('',#2573,#2574);
#2573 = CARTESIAN_POINT('',(-0.55,9.,-1.6));
#2574 = VECTOR('',#2575,1.);
#2575 = DIRECTION('',(0.,0.,1.));
#2576 = ORIENTED_EDGE('',*,*,#2577,.F.);
#2577 = EDGE_CURVE('',#2554,#2570,#2578,.T.);
#2578 = LINE('',#2579,#2580);
#2579 = CARTESIAN_POINT('',(-0.55,8.7,0.45));
#2580 = VECTOR('',#2581,1.);
#2581 = DIRECTION('',(0.,1.,0.));
#2582 = PLANE('',#2583);
#2583 = AXIS2_PLACEMENT_3D('',#2584,#2585,#2586);
#2584 = CARTESIAN_POINT('',(-0.55,8.7,-1.6));
#2585 = DIRECTION('',(1.,0.,0.));
#2586 = DIRECTION('',(0.,0.,1.));
#2587 = ADVANCED_FACE('',(#2588),#2622,.T.);
#2588 = FACE_BOUND('',#2589,.T.);
#2589 = EDGE_LOOP('',(#2590,#2600,#2608,#2616));
#2590 = ORIENTED_EDGE('',*,*,#2591,.F.);
#2591 = EDGE_CURVE('',#2592,#2594,#2596,.T.);
#2592 = VERTEX_POINT('',#2593);
#2593 = CARTESIAN_POINT('',(0.55,8.7,-1.6));
#2594 = VERTEX_POINT('',#2595);
#2595 = CARTESIAN_POINT('',(0.55,8.7,0.45));
#2596 = LINE('',#2597,#2598);
#2597 = CARTESIAN_POINT('',(0.55,8.7,-1.6));
#2598 = VECTOR('',#2599,1.);
#2599 = DIRECTION('',(0.,0.,1.));
#2600 = ORIENTED_EDGE('',*,*,#2601,.T.);
#2601 = EDGE_CURVE('',#2592,#2602,#2604,.T.);
#2602 = VERTEX_POINT('',#2603);
#2603 = CARTESIAN_POINT('',(0.55,9.,-1.6));
#2604 = LINE('',#2605,#2606);
#2605 = CARTESIAN_POINT('',(0.55,8.7,-1.6));
#2606 = VECTOR('',#2607,1.);
#2607 = DIRECTION('',(0.,1.,0.));
#2608 = ORIENTED_EDGE('',*,*,#2609,.T.);
#2609 = EDGE_CURVE('',#2602,#2610,#2612,.T.);
#2610 = VERTEX_POINT('',#2611);
#2611 = CARTESIAN_POINT('',(0.55,9.,0.45));
#2612 = LINE('',#2613,#2614);
#2613 = CARTESIAN_POINT('',(0.55,9.,-1.6));
#2614 = VECTOR('',#2615,1.);
#2615 = DIRECTION('',(0.,0.,1.));
#2616 = ORIENTED_EDGE('',*,*,#2617,.F.);
#2617 = EDGE_CURVE('',#2594,#2610,#2618,.T.);
#2618 = LINE('',#2619,#2620);
#2619 = CARTESIAN_POINT('',(0.55,8.7,0.45));
#2620 = VECTOR('',#2621,1.);
#2621 = DIRECTION('',(0.,1.,0.));
#2622 = PLANE('',#2623);
#2623 = AXIS2_PLACEMENT_3D('',#2624,#2625,#2626);
#2624 = CARTESIAN_POINT('',(0.55,8.7,-1.6));
#2625 = DIRECTION('',(1.,0.,0.));
#2626 = DIRECTION('',(0.,0.,1.));
#2627 = ADVANCED_FACE('',(#2628),#2644,.F.);
#2628 = FACE_BOUND('',#2629,.F.);
#2629 = EDGE_LOOP('',(#2630,#2636,#2637,#2643));
#2630 = ORIENTED_EDGE('',*,*,#2631,.F.);
#2631 = EDGE_CURVE('',#2552,#2592,#2632,.T.);
#2632 = LINE('',#2633,#2634);
#2633 = CARTESIAN_POINT('',(-0.55,8.7,-1.6));
#2634 = VECTOR('',#2635,1.);
#2635 = DIRECTION('',(1.,0.,0.));
#2636 = ORIENTED_EDGE('',*,*,#2551,.T.);
#2637 = ORIENTED_EDGE('',*,*,#2638,.T.);
#2638 = EDGE_CURVE('',#2554,#2594,#2639,.T.);
#2639 = LINE('',#2640,#2641);
#2640 = CARTESIAN_POINT('',(-0.55,8.7,0.45));
#2641 = VECTOR('',#2642,1.);
#2642 = DIRECTION('',(1.,0.,0.));
#2643 = ORIENTED_EDGE('',*,*,#2591,.F.);
#2644 = PLANE('',#2645);
#2645 = AXIS2_PLACEMENT_3D('',#2646,#2647,#2648);
#2646 = CARTESIAN_POINT('',(-0.55,8.7,-1.6));
#2647 = DIRECTION('',(0.,1.,0.));
#2648 = DIRECTION('',(0.,-0.,1.));
#2649 = ADVANCED_FACE('',(#2650),#2666,.T.);
#2650 = FACE_BOUND('',#2651,.T.);
#2651 = EDGE_LOOP('',(#2652,#2658,#2659,#2665));
#2652 = ORIENTED_EDGE('',*,*,#2653,.F.);
#2653 = EDGE_CURVE('',#2562,#2602,#2654,.T.);
#2654 = LINE('',#2655,#2656);
#2655 = CARTESIAN_POINT('',(-0.55,9.,-1.6));
#2656 = VECTOR('',#2657,1.);
#2657 = DIRECTION('',(1.,0.,0.));
#2658 = ORIENTED_EDGE('',*,*,#2569,.T.);
#2659 = ORIENTED_EDGE('',*,*,#2660,.T.);
#2660 = EDGE_CURVE('',#2570,#2610,#2661,.T.);
#2661 = LINE('',#2662,#2663);
#2662 = CARTESIAN_POINT('',(-0.55,9.,0.45));
#2663 = VECTOR('',#2664,1.);
#2664 = DIRECTION('',(1.,0.,0.));
#2665 = ORIENTED_EDGE('',*,*,#2609,.F.);
#2666 = PLANE('',#2667);
#2667 = AXIS2_PLACEMENT_3D('',#2668,#2669,#2670);
#2668 = CARTESIAN_POINT('',(-0.55,9.,-1.6));
#2669 = DIRECTION('',(0.,1.,0.));
#2670 = DIRECTION('',(0.,-0.,1.));
#2671 = ADVANCED_FACE('',(#2672),#2678,.F.);
#2672 = FACE_BOUND('',#2673,.F.);
#2673 = EDGE_LOOP('',(#2674,#2675,#2676,#2677));
#2674 = ORIENTED_EDGE('',*,*,#2561,.F.);
#2675 = ORIENTED_EDGE('',*,*,#2631,.T.);
#2676 = ORIENTED_EDGE('',*,*,#2601,.T.);
#2677 = ORIENTED_EDGE('',*,*,#2653,.F.);
#2678 = PLANE('',#2679);
#2679 = AXIS2_PLACEMENT_3D('',#2680,#2681,#2682);
#2680 = CARTESIAN_POINT('',(-0.55,8.7,-1.6));
#2681 = DIRECTION('',(0.,0.,1.));
#2682 = DIRECTION('',(1.,0.,-0.));
#2683 = ADVANCED_FACE('',(#2684),#2690,.T.);
#2684 = FACE_BOUND('',#2685,.T.);
#2685 = EDGE_LOOP('',(#2686,#2687,#2688,#2689));
#2686 = ORIENTED_EDGE('',*,*,#2577,.F.);
#2687 = ORIENTED_EDGE('',*,*,#2638,.T.);
#2688 = ORIENTED_EDGE('',*,*,#2617,.T.);
#2689 = ORIENTED_EDGE('',*,*,#2660,.F.);
#2690 = PLANE('',#2691);
#2691 = AXIS2_PLACEMENT_3D('',#2692,#2693,#2694);
#2692 = CARTESIAN_POINT('',(-0.55,8.7,0.45));
#2693 = DIRECTION('',(0.,0.,1.));
#2694 = DIRECTION('',(1.,0.,-0.));
#2695 = ( GEOMETRIC_REPRESENTATION_CONTEXT(3) 
GLOBAL_UNCERTAINTY_ASSIGNED_CONTEXT((#2699)) 
GLOBAL_UNIT_ASSIGNED_CONTEXT((#2696,#2697,#2698)) REPRESENTATION_CONTEXT
('Context #1','3D Context with UNIT and UNCERTAINTY') );
#2696 = ( LENGTH_UNIT() NAMED_UNIT(*) SI_UNIT(.MILLI.,.METRE.) );
#2697 = ( NAMED_UNIT(*) PLANE_ANGLE_UNIT() SI_UNIT($,.RADIAN.) );
#2698 = ( NAMED_UNIT(*) SI_UNIT($,.STERADIAN.) SOLID_ANGLE_UNIT() );
#2699 = UNCERTAINTY_MEASURE_WITH_UNIT(LENGTH_MEASURE(1.E-07),#2696,
  'distance_accuracy_value','confusion accuracy');
#2700 = CONTEXT_DEPENDENT_SHAPE_REPRESENTATION(#2701,#2703);
#2701 = ( REPRESENTATION_RELATIONSHIP('','',#2544,#67) 
REPRESENTATION_RELATIONSHIP_WITH_TRANSFORMATION(#2702) 
SHAPE_REPRESENTATION_RELATIONSHIP() );
#2702 = ITEM_DEFINED_TRANSFORMATION('','',#11,#100);
#2703 = PRODUCT_DEFINITION_SHAPE('Placement','Placement of an item',
  #2704);
#2704 = NEXT_ASSEMBLY_USAGE_OCCURRENCE('9','pad3_terminal_4_x0_y8.85',''
  ,#62,#2539,$);
#2705 = PRODUCT_RELATED_PRODUCT_CATEGORY('part',$,(#2541));
#2706 = SHAPE_DEFINITION_REPRESENTATION(#2707,#2713);
#2707 = PRODUCT_DEFINITION_SHAPE('','',#2708);
#2708 = PRODUCT_DEFINITION('design','',#2709,#2712);
#2709 = PRODUCT_DEFINITION_FORMATION('','',#2710);
#2710 = PRODUCT('pad3_terminal_5_x0_y5.05','pad3_terminal_5_x0_y5.05',''
  ,(#2711));
#2711 = PRODUCT_CONTEXT('',#2,'mechanical');
#2712 = PRODUCT_DEFINITION_CONTEXT('part definition',#2,'design');
#2713 = ADVANCED_BREP_SHAPE_REPRESENTATION('',(#11,#2714),#2864);
#2714 = MANIFOLD_SOLID_BREP('',#2715);
#2715 = CLOSED_SHELL('',(#2716,#2756,#2796,#2818,#2840,#2852));
#2716 = ADVANCED_FACE('',(#2717),#2751,.F.);
#2717 = FACE_BOUND('',#2718,.F.);
#2718 = EDGE_LOOP('',(#2719,#2729,#2737,#2745));
#2719 = ORIENTED_EDGE('',*,*,#2720,.F.);
#2720 = EDGE_CURVE('',#2721,#2723,#2725,.T.);
#2721 = VERTEX_POINT('',#2722);
#2722 = CARTESIAN_POINT('',(-0.55,4.9,-1.6));
#2723 = VERTEX_POINT('',#2724);
#2724 = CARTESIAN_POINT('',(-0.55,4.9,0.45));
#2725 = LINE('',#2726,#2727);
#2726 = CARTESIAN_POINT('',(-0.55,4.9,-1.6));
#2727 = VECTOR('',#2728,1.);
#2728 = DIRECTION('',(0.,0.,1.));
#2729 = ORIENTED_EDGE('',*,*,#2730,.T.);
#2730 = EDGE_CURVE('',#2721,#2731,#2733,.T.);
#2731 = VERTEX_POINT('',#2732);
#2732 = CARTESIAN_POINT('',(-0.55,5.2,-1.6));
#2733 = LINE('',#2734,#2735);
#2734 = CARTESIAN_POINT('',(-0.55,4.9,-1.6));
#2735 = VECTOR('',#2736,1.);
#2736 = DIRECTION('',(0.,1.,0.));
#2737 = ORIENTED_EDGE('',*,*,#2738,.T.);
#2738 = EDGE_CURVE('',#2731,#2739,#2741,.T.);
#2739 = VERTEX_POINT('',#2740);
#2740 = CARTESIAN_POINT('',(-0.55,5.2,0.45));
#2741 = LINE('',#2742,#2743);
#2742 = CARTESIAN_POINT('',(-0.55,5.2,-1.6));
#2743 = VECTOR('',#2744,1.);
#2744 = DIRECTION('',(0.,0.,1.));
#2745 = ORIENTED_EDGE('',*,*,#2746,.F.);
#2746 = EDGE_CURVE('',#2723,#2739,#2747,.T.);
#2747 = LINE('',#2748,#2749);
#2748 = CARTESIAN_POINT('',(-0.55,4.9,0.45));
#2749 = VECTOR('',#2750,1.);
#2750 = DIRECTION('',(0.,1.,0.));
#2751 = PLANE('',#2752);
#2752 = AXIS2_PLACEMENT_3D('',#2753,#2754,#2755);
#2753 = CARTESIAN_POINT('',(-0.55,4.9,-1.6));
#2754 = DIRECTION('',(1.,0.,0.));
#2755 = DIRECTION('',(0.,0.,1.));
#2756 = ADVANCED_FACE('',(#2757),#2791,.T.);
#2757 = FACE_BOUND('',#2758,.T.);
#2758 = EDGE_LOOP('',(#2759,#2769,#2777,#2785));
#2759 = ORIENTED_EDGE('',*,*,#2760,.F.);
#2760 = EDGE_CURVE('',#2761,#2763,#2765,.T.);
#2761 = VERTEX_POINT('',#2762);
#2762 = CARTESIAN_POINT('',(0.55,4.9,-1.6));
#2763 = VERTEX_POINT('',#2764);
#2764 = CARTESIAN_POINT('',(0.55,4.9,0.45));
#2765 = LINE('',#2766,#2767);
#2766 = CARTESIAN_POINT('',(0.55,4.9,-1.6));
#2767 = VECTOR('',#2768,1.);
#2768 = DIRECTION('',(0.,0.,1.));
#2769 = ORIENTED_EDGE('',*,*,#2770,.T.);
#2770 = EDGE_CURVE('',#2761,#2771,#2773,.T.);
#2771 = VERTEX_POINT('',#2772);
#2772 = CARTESIAN_POINT('',(0.55,5.2,-1.6));
#2773 = LINE('',#2774,#2775);
#2774 = CARTESIAN_POINT('',(0.55,4.9,-1.6));
#2775 = VECTOR('',#2776,1.);
#2776 = DIRECTION('',(0.,1.,0.));
#2777 = ORIENTED_EDGE('',*,*,#2778,.T.);
#2778 = EDGE_CURVE('',#2771,#2779,#2781,.T.);
#2779 = VERTEX_POINT('',#2780);
#2780 = CARTESIAN_POINT('',(0.55,5.2,0.45));
#2781 = LINE('',#2782,#2783);
#2782 = CARTESIAN_POINT('',(0.55,5.2,-1.6));
#2783 = VECTOR('',#2784,1.);
#2784 = DIRECTION('',(0.,0.,1.));
#2785 = ORIENTED_EDGE('',*,*,#2786,.F.);
#2786 = EDGE_CURVE('',#2763,#2779,#2787,.T.);
#2787 = LINE('',#2788,#2789);
#2788 = CARTESIAN_POINT('',(0.55,4.9,0.45));
#2789 = VECTOR('',#2790,1.);
#2790 = DIRECTION('',(0.,1.,0.));
#2791 = PLANE('',#2792);
#2792 = AXIS2_PLACEMENT_3D('',#2793,#2794,#2795);
#2793 = CARTESIAN_POINT('',(0.55,4.9,-1.6));
#2794 = DIRECTION('',(1.,0.,0.));
#2795 = DIRECTION('',(0.,0.,1.));
#2796 = ADVANCED_FACE('',(#2797),#2813,.F.);
#2797 = FACE_BOUND('',#2798,.F.);
#2798 = EDGE_LOOP('',(#2799,#2805,#2806,#2812));
#2799 = ORIENTED_EDGE('',*,*,#2800,.F.);
#2800 = EDGE_CURVE('',#2721,#2761,#2801,.T.);
#2801 = LINE('',#2802,#2803);
#2802 = CARTESIAN_POINT('',(-0.55,4.9,-1.6));
#2803 = VECTOR('',#2804,1.);
#2804 = DIRECTION('',(1.,0.,0.));
#2805 = ORIENTED_EDGE('',*,*,#2720,.T.);
#2806 = ORIENTED_EDGE('',*,*,#2807,.T.);
#2807 = EDGE_CURVE('',#2723,#2763,#2808,.T.);
#2808 = LINE('',#2809,#2810);
#2809 = CARTESIAN_POINT('',(-0.55,4.9,0.45));
#2810 = VECTOR('',#2811,1.);
#2811 = DIRECTION('',(1.,0.,0.));
#2812 = ORIENTED_EDGE('',*,*,#2760,.F.);
#2813 = PLANE('',#2814);
#2814 = AXIS2_PLACEMENT_3D('',#2815,#2816,#2817);
#2815 = CARTESIAN_POINT('',(-0.55,4.9,-1.6));
#2816 = DIRECTION('',(0.,1.,0.));
#2817 = DIRECTION('',(0.,-0.,1.));
#2818 = ADVANCED_FACE('',(#2819),#2835,.T.);
#2819 = FACE_BOUND('',#2820,.T.);
#2820 = EDGE_LOOP('',(#2821,#2827,#2828,#2834));
#2821 = ORIENTED_EDGE('',*,*,#2822,.F.);
#2822 = EDGE_CURVE('',#2731,#2771,#2823,.T.);
#2823 = LINE('',#2824,#2825);
#2824 = CARTESIAN_POINT('',(-0.55,5.2,-1.6));
#2825 = VECTOR('',#2826,1.);
#2826 = DIRECTION('',(1.,0.,0.));
#2827 = ORIENTED_EDGE('',*,*,#2738,.T.);
#2828 = ORIENTED_EDGE('',*,*,#2829,.T.);
#2829 = EDGE_CURVE('',#2739,#2779,#2830,.T.);
#2830 = LINE('',#2831,#2832);
#2831 = CARTESIAN_POINT('',(-0.55,5.2,0.45));
#2832 = VECTOR('',#2833,1.);
#2833 = DIRECTION('',(1.,0.,0.));
#2834 = ORIENTED_EDGE('',*,*,#2778,.F.);
#2835 = PLANE('',#2836);
#2836 = AXIS2_PLACEMENT_3D('',#2837,#2838,#2839);
#2837 = CARTESIAN_POINT('',(-0.55,5.2,-1.6));
#2838 = DIRECTION('',(0.,1.,0.));
#2839 = DIRECTION('',(0.,-0.,1.));
#2840 = ADVANCED_FACE('',(#2841),#2847,.F.);
#2841 = FACE_BOUND('',#2842,.F.);
#2842 = EDGE_LOOP('',(#2843,#2844,#2845,#2846));
#2843 = ORIENTED_EDGE('',*,*,#2730,.F.);
#2844 = ORIENTED_EDGE('',*,*,#2800,.T.);
#2845 = ORIENTED_EDGE('',*,*,#2770,.T.);
#2846 = ORIENTED_EDGE('',*,*,#2822,.F.);
#2847 = PLANE('',#2848);
#2848 = AXIS2_PLACEMENT_3D('',#2849,#2850,#2851);
#2849 = CARTESIAN_POINT('',(-0.55,4.9,-1.6));
#2850 = DIRECTION('',(0.,0.,1.));
#2851 = DIRECTION('',(1.,0.,-0.));
#2852 = ADVANCED_FACE('',(#2853),#2859,.T.);
#2853 = FACE_BOUND('',#2854,.T.);
#2854 = EDGE_LOOP('',(#2855,#2856,#2857,#2858));
#2855 = ORIENTED_EDGE('',*,*,#2746,.F.);
#2856 = ORIENTED_EDGE('',*,*,#2807,.T.);
#2857 = ORIENTED_EDGE('',*,*,#2786,.T.);
#2858 = ORIENTED_EDGE('',*,*,#2829,.F.);
#2859 = PLANE('',#2860);
#2860 = AXIS2_PLACEMENT_3D('',#2861,#2862,#2863);
#2861 = CARTESIAN_POINT('',(-0.55,4.9,0.45));
#2862 = DIRECTION('',(0.,0.,1.));
#2863 = DIRECTION('',(1.,0.,-0.));
#2864 = ( GEOMETRIC_REPRESENTATION_CONTEXT(3) 
GLOBAL_UNCERTAINTY_ASSIGNED_CONTEXT((#2868)) 
GLOBAL_UNIT_ASSIGNED_CONTEXT((#2865,#2866,#2867)) REPRESENTATION_CONTEXT
('Context #1','3D Context with UNIT and UNCERTAINTY') );
#2865 = ( LENGTH_UNIT() NAMED_UNIT(*) SI_UNIT(.MILLI.,.METRE.) );
#2866 = ( NAMED_UNIT(*) PLANE_ANGLE_UNIT() SI_UNIT($,.RADIAN.) );
#2867 = ( NAMED_UNIT(*) SI_UNIT($,.STERADIAN.) SOLID_ANGLE_UNIT() );
#2868 = UNCERTAINTY_MEASURE_WITH_UNIT(LENGTH_MEASURE(1.E-07),#2865,
  'distance_accuracy_value','confusion accuracy');
#2869 = CONTEXT_DEPENDENT_SHAPE_REPRESENTATION(#2870,#2872);
#2870 = ( REPRESENTATION_RELATIONSHIP('','',#2713,#67) 
REPRESENTATION_RELATIONSHIP_WITH_TRANSFORMATION(#2871) 
SHAPE_REPRESENTATION_RELATIONSHIP() );
#2871 = ITEM_DEFINED_TRANSFORMATION('','',#11,#104);
#2872 = PRODUCT_DEFINITION_SHAPE('Placement','Placement of an item',
  #2873);
#2873 = NEXT_ASSEMBLY_USAGE_OCCURRENCE('10','pad3_terminal_5_x0_y5.05',
  '',#62,#2708,$);
#2874 = PRODUCT_RELATED_PRODUCT_CATEGORY('part',$,(#2710));
#2875 = SHAPE_DEFINITION_REPRESENTATION(#2876,#2882);
#2876 = PRODUCT_DEFINITION_SHAPE('','',#2877);
#2877 = PRODUCT_DEFINITION('design','',#2878,#2881);
#2878 = PRODUCT_DEFINITION_FORMATION('','',#2879);
#2879 = PRODUCT('plastic_peg_1','plastic_peg_1','',(#2880));
#2880 = PRODUCT_CONTEXT('',#2,'mechanical');
#2881 = PRODUCT_DEFINITION_CONTEXT('part definition',#2,'design');
#2882 = ADVANCED_BREP_SHAPE_REPRESENTATION('',(#11,#2883),#2936);
#2883 = MANIFOLD_SOLID_BREP('',#2884);
#2884 = CLOSED_SHELL('',(#2885,#2918,#2927));
#2885 = ADVANCED_FACE('',(#2886),#2913,.T.);
#2886 = FACE_BOUND('',#2887,.T.);
#2887 = EDGE_LOOP('',(#2888,#2897,#2905,#2912));
#2888 = ORIENTED_EDGE('',*,*,#2889,.T.);
#2889 = EDGE_CURVE('',#2890,#2890,#2892,.T.);
#2890 = VERTEX_POINT('',#2891);
#2891 = CARTESIAN_POINT('',(-1.185,2.7,-1.6));
#2892 = CIRCLE('',#2893,0.54);
#2893 = AXIS2_PLACEMENT_3D('',#2894,#2895,#2896);
#2894 = CARTESIAN_POINT('',(-1.725,2.7,-1.6));
#2895 = DIRECTION('',(0.,0.,1.));
#2896 = DIRECTION('',(1.,0.,-0.));
#2897 = ORIENTED_EDGE('',*,*,#2898,.T.);
#2898 = EDGE_CURVE('',#2890,#2899,#2901,.T.);
#2899 = VERTEX_POINT('',#2900);
#2900 = CARTESIAN_POINT('',(-1.185,2.7,0.));
#2901 = LINE('',#2902,#2903);
#2902 = CARTESIAN_POINT('',(-1.185,2.7,-1.6));
#2903 = VECTOR('',#2904,1.);
#2904 = DIRECTION('',(0.,0.,1.));
#2905 = ORIENTED_EDGE('',*,*,#2906,.F.);
#2906 = EDGE_CURVE('',#2899,#2899,#2907,.T.);
#2907 = CIRCLE('',#2908,0.54);
#2908 = AXIS2_PLACEMENT_3D('',#2909,#2910,#2911);
#2909 = CARTESIAN_POINT('',(-1.725,2.7,0.));
#2910 = DIRECTION('',(0.,0.,1.));
#2911 = DIRECTION('',(1.,0.,-0.));
#2912 = ORIENTED_EDGE('',*,*,#2898,.F.);
#2913 = CYLINDRICAL_SURFACE('',#2914,0.54);
#2914 = AXIS2_PLACEMENT_3D('',#2915,#2916,#2917);
#2915 = CARTESIAN_POINT('',(-1.725,2.7,-1.6));
#2916 = DIRECTION('',(-0.,-0.,-1.));
#2917 = DIRECTION('',(1.,0.,0.));
#2918 = ADVANCED_FACE('',(#2919),#2922,.F.);
#2919 = FACE_BOUND('',#2920,.F.);
#2920 = EDGE_LOOP('',(#2921));
#2921 = ORIENTED_EDGE('',*,*,#2889,.T.);
#2922 = PLANE('',#2923);
#2923 = AXIS2_PLACEMENT_3D('',#2924,#2925,#2926);
#2924 = CARTESIAN_POINT('',(-1.725,2.7,-1.6));
#2925 = DIRECTION('',(0.,0.,1.));
#2926 = DIRECTION('',(1.,0.,-0.));
#2927 = ADVANCED_FACE('',(#2928),#2931,.T.);
#2928 = FACE_BOUND('',#2929,.T.);
#2929 = EDGE_LOOP('',(#2930));
#2930 = ORIENTED_EDGE('',*,*,#2906,.T.);
#2931 = PLANE('',#2932);
#2932 = AXIS2_PLACEMENT_3D('',#2933,#2934,#2935);
#2933 = CARTESIAN_POINT('',(-1.725,2.7,0.));
#2934 = DIRECTION('',(0.,0.,1.));
#2935 = DIRECTION('',(1.,0.,-0.));
#2936 = ( GEOMETRIC_REPRESENTATION_CONTEXT(3) 
GLOBAL_UNCERTAINTY_ASSIGNED_CONTEXT((#2940)) 
GLOBAL_UNIT_ASSIGNED_CONTEXT((#2937,#2938,#2939)) REPRESENTATION_CONTEXT
('Context #1','3D Context with UNIT and UNCERTAINTY') );
#2937 = ( LENGTH_UNIT() NAMED_UNIT(*) SI_UNIT(.MILLI.,.METRE.) );
#2938 = ( NAMED_UNIT(*) PLANE_ANGLE_UNIT() SI_UNIT($,.RADIAN.) );
#2939 = ( NAMED_UNIT(*) SI_UNIT($,.STERADIAN.) SOLID_ANGLE_UNIT() );
#2940 = UNCERTAINTY_MEASURE_WITH_UNIT(LENGTH_MEASURE(1.E-07),#2937,
  'distance_accuracy_value','confusion accuracy');
#2941 = CONTEXT_DEPENDENT_SHAPE_REPRESENTATION(#2942,#2944);
#2942 = ( REPRESENTATION_RELATIONSHIP('','',#2882,#67) 
REPRESENTATION_RELATIONSHIP_WITH_TRANSFORMATION(#2943) 
SHAPE_REPRESENTATION_RELATIONSHIP() );
#2943 = ITEM_DEFINED_TRANSFORMATION('','',#11,#108);
#2944 = PRODUCT_DEFINITION_SHAPE('Placement','Placement of an item',
  #2945);
#2945 = NEXT_ASSEMBLY_USAGE_OCCURRENCE('11','plastic_peg_1','',#62,#2877
  ,$);
#2946 = PRODUCT_RELATED_PRODUCT_CATEGORY('part',$,(#2879));
#2947 = SHAPE_DEFINITION_REPRESENTATION(#2948,#2954);
#2948 = PRODUCT_DEFINITION_SHAPE('','',#2949);
#2949 = PRODUCT_DEFINITION('design','',#2950,#2953);
#2950 = PRODUCT_DEFINITION_FORMATION('','',#2951);
#2951 = PRODUCT('plastic_peg_2','plastic_peg_2','',(#2952));
#2952 = PRODUCT_CONTEXT('',#2,'mechanical');
#2953 = PRODUCT_DEFINITION_CONTEXT('part definition',#2,'design');
#2954 = ADVANCED_BREP_SHAPE_REPRESENTATION('',(#11,#2955),#3008);
#2955 = MANIFOLD_SOLID_BREP('',#2956);
#2956 = CLOSED_SHELL('',(#2957,#2990,#2999));
#2957 = ADVANCED_FACE('',(#2958),#2985,.T.);
#2958 = FACE_BOUND('',#2959,.T.);
#2959 = EDGE_LOOP('',(#2960,#2969,#2977,#2984));
#2960 = ORIENTED_EDGE('',*,*,#2961,.T.);
#2961 = EDGE_CURVE('',#2962,#2962,#2964,.T.);
#2962 = VERTEX_POINT('',#2963);
#2963 = CARTESIAN_POINT('',(2.265,2.7,-1.6));
#2964 = CIRCLE('',#2965,0.54);
#2965 = AXIS2_PLACEMENT_3D('',#2966,#2967,#2968);
#2966 = CARTESIAN_POINT('',(1.725,2.7,-1.6));
#2967 = DIRECTION('',(0.,0.,1.));
#2968 = DIRECTION('',(1.,0.,-0.));
#2969 = ORIENTED_EDGE('',*,*,#2970,.T.);
#2970 = EDGE_CURVE('',#2962,#2971,#2973,.T.);
#2971 = VERTEX_POINT('',#2972);
#2972 = CARTESIAN_POINT('',(2.265,2.7,0.));
#2973 = LINE('',#2974,#2975);
#2974 = CARTESIAN_POINT('',(2.265,2.7,-1.6));
#2975 = VECTOR('',#2976,1.);
#2976 = DIRECTION('',(0.,0.,1.));
#2977 = ORIENTED_EDGE('',*,*,#2978,.F.);
#2978 = EDGE_CURVE('',#2971,#2971,#2979,.T.);
#2979 = CIRCLE('',#2980,0.54);
#2980 = AXIS2_PLACEMENT_3D('',#2981,#2982,#2983);
#2981 = CARTESIAN_POINT('',(1.725,2.7,0.));
#2982 = DIRECTION('',(0.,0.,1.));
#2983 = DIRECTION('',(1.,0.,-0.));
#2984 = ORIENTED_EDGE('',*,*,#2970,.F.);
#2985 = CYLINDRICAL_SURFACE('',#2986,0.54);
#2986 = AXIS2_PLACEMENT_3D('',#2987,#2988,#2989);
#2987 = CARTESIAN_POINT('',(1.725,2.7,-1.6));
#2988 = DIRECTION('',(-0.,-0.,-1.));
#2989 = DIRECTION('',(1.,0.,0.));
#2990 = ADVANCED_FACE('',(#2991),#2994,.F.);
#2991 = FACE_BOUND('',#2992,.F.);
#2992 = EDGE_LOOP('',(#2993));
#2993 = ORIENTED_EDGE('',*,*,#2961,.T.);
#2994 = PLANE('',#2995);
#2995 = AXIS2_PLACEMENT_3D('',#2996,#2997,#2998);
#2996 = CARTESIAN_POINT('',(1.725,2.7,-1.6));
#2997 = DIRECTION('',(0.,0.,1.));
#2998 = DIRECTION('',(1.,0.,-0.));
#2999 = ADVANCED_FACE('',(#3000),#3003,.T.);
#3000 = FACE_BOUND('',#3001,.T.);
#3001 = EDGE_LOOP('',(#3002));
#3002 = ORIENTED_EDGE('',*,*,#2978,.T.);
#3003 = PLANE('',#3004);
#3004 = AXIS2_PLACEMENT_3D('',#3005,#3006,#3007);
#3005 = CARTESIAN_POINT('',(1.725,2.7,0.));
#3006 = DIRECTION('',(0.,0.,1.));
#3007 = DIRECTION('',(1.,0.,-0.));
#3008 = ( GEOMETRIC_REPRESENTATION_CONTEXT(3) 
GLOBAL_UNCERTAINTY_ASSIGNED_CONTEXT((#3012)) 
GLOBAL_UNIT_ASSIGNED_CONTEXT((#3009,#3010,#3011)) REPRESENTATION_CONTEXT
('Context #1','3D Context with UNIT and UNCERTAINTY') );
#3009 = ( LENGTH_UNIT() NAMED_UNIT(*) SI_UNIT(.MILLI.,.METRE.) );
#3010 = ( NAMED_UNIT(*) PLANE_ANGLE_UNIT() SI_UNIT($,.RADIAN.) );
#3011 = ( NAMED_UNIT(*) SI_UNIT($,.STERADIAN.) SOLID_ANGLE_UNIT() );
#3012 = UNCERTAINTY_MEASURE_WITH_UNIT(LENGTH_MEASURE(1.E-07),#3009,
  'distance_accuracy_value','confusion accuracy');
#3013 = CONTEXT_DEPENDENT_SHAPE_REPRESENTATION(#3014,#3016);
#3014 = ( REPRESENTATION_RELATIONSHIP('','',#2954,#67) 
REPRESENTATION_RELATIONSHIP_WITH_TRANSFORMATION(#3015) 
SHAPE_REPRESENTATION_RELATIONSHIP() );
#3015 = ITEM_DEFINED_TRANSFORMATION('','',#11,#112);
#3016 = PRODUCT_DEFINITION_SHAPE('Placement','Placement of an item',
  #3017);
#3017 = NEXT_ASSEMBLY_USAGE_OCCURRENCE('12','plastic_peg_2','',#62,#2949
  ,$);
#3018 = PRODUCT_RELATED_PRODUCT_CATEGORY('part',$,(#2951));
#3019 = SHAPE_DEFINITION_REPRESENTATION(#3020,#3026);
#3020 = PRODUCT_DEFINITION_SHAPE('','',#3021);
#3021 = PRODUCT_DEFINITION('design','',#3022,#3025);
#3022 = PRODUCT_DEFINITION_FORMATION('','',#3023);
#3023 = PRODUCT('Power_in-unsaved-export-sek5Wk_soldermask',
  'Power_in-unsaved-export-sek5Wk_soldermask','',(#3024));
#3024 = PRODUCT_CONTEXT('',#2,'mechanical');
#3025 = PRODUCT_DEFINITION_CONTEXT('part definition',#2,'design');
#3026 = MANIFOLD_SURFACE_SHAPE_REPRESENTATION('',(#11,#3027),#3596);
#3027 = SHELL_BASED_SURFACE_MODEL('',(#3028));
#3028 = OPEN_SHELL('',(#3029));
#3029 = ADVANCED_FACE('',(#3030,#3064,#3134,#3187,#3240,#3293,#3304,
    #3357,#3410,#3421,#3432,#3485,#3538),#3591,.T.);
#3030 = FACE_BOUND('',#3031,.F.);
#3031 = EDGE_LOOP('',(#3032,#3042,#3050,#3058));
#3032 = ORIENTED_EDGE('',*,*,#3033,.T.);
#3033 = EDGE_CURVE('',#3034,#3036,#3038,.T.);
#3034 = VERTEX_POINT('',#3035);
#3035 = CARTESIAN_POINT('',(-8.5,-6.5,1.56));
#3036 = VERTEX_POINT('',#3037);
#3037 = CARTESIAN_POINT('',(-8.5,6.5,1.56));
#3038 = LINE('',#3039,#3040);
#3039 = CARTESIAN_POINT('',(-8.5,-6.5,1.56));
#3040 = VECTOR('',#3041,1.);
#3041 = DIRECTION('',(0.,1.,0.));
#3042 = ORIENTED_EDGE('',*,*,#3043,.T.);
#3043 = EDGE_CURVE('',#3036,#3044,#3046,.T.);
#3044 = VERTEX_POINT('',#3045);
#3045 = CARTESIAN_POINT('',(8.5,6.5,1.56));
#3046 = LINE('',#3047,#3048);
#3047 = CARTESIAN_POINT('',(-8.5,6.5,1.56));
#3048 = VECTOR('',#3049,1.);
#3049 = DIRECTION('',(1.,0.,0.));
#3050 = ORIENTED_EDGE('',*,*,#3051,.T.);
#3051 = EDGE_CURVE('',#3044,#3052,#3054,.T.);
#3052 = VERTEX_POINT('',#3053);
#3053 = CARTESIAN_POINT('',(8.5,-6.5,1.56));
#3054 = LINE('',#3055,#3056);
#3055 = CARTESIAN_POINT('',(8.5,6.5,1.56));
#3056 = VECTOR('',#3057,1.);
#3057 = DIRECTION('',(0.,-1.,0.));
#3058 = ORIENTED_EDGE('',*,*,#3059,.T.);
#3059 = EDGE_CURVE('',#3052,#3034,#3060,.T.);
#3060 = LINE('',#3061,#3062);
#3061 = CARTESIAN_POINT('',(8.5,-6.5,1.56));
#3062 = VECTOR('',#3063,1.);
#3063 = DIRECTION('',(-1.,0.,0.));
#3064 = FACE_BOUND('',#3065,.F.);
#3065 = EDGE_LOOP('',(#3066,#3077,#3085,#3094,#3102,#3111,#3119,#3128));
#3066 = ORIENTED_EDGE('',*,*,#3067,.T.);
#3067 = EDGE_CURVE('',#3068,#3070,#3072,.T.);
#3068 = VERTEX_POINT('',#3069);
#3069 = CARTESIAN_POINT('',(8.3,6.,1.56));
#3070 = VERTEX_POINT('',#3071);
#3071 = CARTESIAN_POINT('',(8.25,6.05,1.56));
#3072 = CIRCLE('',#3073,5.000014378935E-02);
#3073 = AXIS2_PLACEMENT_3D('',#3074,#3075,#3076);
#3074 = CARTESIAN_POINT('',(8.249999856211,5.999999856211,1.56));
#3075 = DIRECTION('',(0.,0.,1.));
#3076 = DIRECTION('',(0.999999999996,2.87577464835E-06,-0.));
#3077 = ORIENTED_EDGE('',*,*,#3078,.T.);
#3078 = EDGE_CURVE('',#3070,#3079,#3081,.T.);
#3079 = VERTEX_POINT('',#3080);
#3080 = CARTESIAN_POINT('',(6.,6.05,1.56));
#3081 = LINE('',#3082,#3083);
#3082 = CARTESIAN_POINT('',(8.25,6.05,1.56));
#3083 = VECTOR('',#3084,1.);
#3084 = DIRECTION('',(-1.,0.,0.));
#3085 = ORIENTED_EDGE('',*,*,#3086,.T.);
#3086 = EDGE_CURVE('',#3079,#3087,#3089,.T.);
#3087 = VERTEX_POINT('',#3088);
#3088 = CARTESIAN_POINT('',(5.95,6.,1.56));
#3089 = CIRCLE('',#3090,5.000014378935E-02);
#3090 = AXIS2_PLACEMENT_3D('',#3091,#3092,#3093);
#3091 = CARTESIAN_POINT('',(6.000000143789,5.999999856211,1.56));
#3092 = DIRECTION('',(0.,0.,1.));
#3093 = DIRECTION('',(-2.87577459506E-06,0.999999999996,0.));
#3094 = ORIENTED_EDGE('',*,*,#3095,.T.);
#3095 = EDGE_CURVE('',#3087,#3096,#3098,.T.);
#3096 = VERTEX_POINT('',#3097);
#3097 = CARTESIAN_POINT('',(5.95,-6.25,1.56));
#3098 = LINE('',#3099,#3100);
#3099 = CARTESIAN_POINT('',(5.95,6.,1.56));
#3100 = VECTOR('',#3101,1.);
#3101 = DIRECTION('',(0.,-1.,0.));
#3102 = ORIENTED_EDGE('',*,*,#3103,.T.);
#3103 = EDGE_CURVE('',#3096,#3104,#3106,.T.);
#3104 = VERTEX_POINT('',#3105);
#3105 = CARTESIAN_POINT('',(6.,-6.3,1.56));
#3106 = CIRCLE('',#3107,5.000014378935E-02);
#3107 = AXIS2_PLACEMENT_3D('',#3108,#3109,#3110);
#3108 = CARTESIAN_POINT('',(6.000000143789,-6.249999856211,1.56));
#3109 = DIRECTION('',(0.,0.,1.));
#3110 = DIRECTION('',(-0.999999999996,-2.87577459506E-06,0.));
#3111 = ORIENTED_EDGE('',*,*,#3112,.T.);
#3112 = EDGE_CURVE('',#3104,#3113,#3115,.T.);
#3113 = VERTEX_POINT('',#3114);
#3114 = CARTESIAN_POINT('',(8.25,-6.3,1.56));
#3115 = LINE('',#3116,#3117);
#3116 = CARTESIAN_POINT('',(6.,-6.3,1.56));
#3117 = VECTOR('',#3118,1.);
#3118 = DIRECTION('',(1.,0.,0.));
#3119 = ORIENTED_EDGE('',*,*,#3120,.T.);
#3120 = EDGE_CURVE('',#3113,#3121,#3123,.T.);
#3121 = VERTEX_POINT('',#3122);
#3122 = CARTESIAN_POINT('',(8.3,-6.25,1.56));
#3123 = CIRCLE('',#3124,5.000014378935E-02);
#3124 = AXIS2_PLACEMENT_3D('',#3125,#3126,#3127);
#3125 = CARTESIAN_POINT('',(8.249999856211,-6.249999856211,1.56));
#3126 = DIRECTION('',(0.,0.,1.));
#3127 = DIRECTION('',(2.875774612823E-06,-0.999999999996,0.));
#3128 = ORIENTED_EDGE('',*,*,#3129,.T.);
#3129 = EDGE_CURVE('',#3121,#3068,#3130,.T.);
#3130 = LINE('',#3131,#3132);
#3131 = CARTESIAN_POINT('',(8.3,-6.25,1.56));
#3132 = VECTOR('',#3133,1.);
#3133 = DIRECTION('',(0.,1.,0.));
#3134 = FACE_BOUND('',#3135,.F.);
#3135 = EDGE_LOOP('',(#3136,#3147,#3155,#3164,#3172,#3181));
#3136 = ORIENTED_EDGE('',*,*,#3137,.T.);
#3137 = EDGE_CURVE('',#3138,#3140,#3142,.T.);
#3138 = VERTEX_POINT('',#3139);
#3139 = CARTESIAN_POINT('',(-6.399384,-4.5875,1.56));
#3140 = VERTEX_POINT('',#3141);
#3141 = CARTESIAN_POINT('',(-6.583657,-4.811529,1.56));
#3142 = CIRCLE('',#3143,0.18770723447);
#3143 = AXIS2_PLACEMENT_3D('',#3144,#3145,#3146);
#3144 = CARTESIAN_POINT('',(-6.399497469349,-4.775207200173,1.56));
#3145 = DIRECTION('',(0.,0.,1.));
#3146 = DIRECTION('',(6.045017362823E-04,0.999999817289,-0.));
#3147 = ORIENTED_EDGE('',*,*,#3148,.T.);
#3148 = EDGE_CURVE('',#3140,#3149,#3151,.T.);
#3149 = VERTEX_POINT('',#3150);
#3150 = CARTESIAN_POINT('',(-6.555697,-4.879033,1.56));
#3151 = LINE('',#3152,#3153);
#3152 = CARTESIAN_POINT('',(-6.583657,-4.811529,1.56));
#3153 = VECTOR('',#3154,1.);
#3154 = DIRECTION('',(0.382670905502,-0.923884721208,0.));
#3155 = ORIENTED_EDGE('',*,*,#3156,.T.);
#3156 = EDGE_CURVE('',#3149,#3157,#3159,.T.);
#3157 = VERTEX_POINT('',#3158);
#3158 = CARTESIAN_POINT('',(-6.399384,-4.9625,1.56));
#3159 = CIRCLE('',#3160,0.188135047292);
#3160 = AXIS2_PLACEMENT_3D('',#3161,#3162,#3163);
#3161 = CARTESIAN_POINT('',(-6.399365953573,-4.774364953573,1.56));
#3162 = DIRECTION('',(0.,0.,1.));
#3163 = DIRECTION('',(-0.830951216569,-0.556345284588,0.));
#3164 = ORIENTED_EDGE('',*,*,#3165,.T.);
#3165 = EDGE_CURVE('',#3157,#3166,#3168,.T.);
#3166 = VERTEX_POINT('',#3167);
#3167 = CARTESIAN_POINT('',(-5.400616,-4.9625,1.56));
#3168 = LINE('',#3169,#3170);
#3169 = CARTESIAN_POINT('',(-6.399384,-4.9625,1.56));
#3170 = VECTOR('',#3171,1.);
#3171 = DIRECTION('',(1.,0.,0.));
#3172 = ORIENTED_EDGE('',*,*,#3173,.T.);
#3173 = EDGE_CURVE('',#3166,#3174,#3176,.T.);
#3174 = VERTEX_POINT('',#3175);
#3175 = CARTESIAN_POINT('',(-5.400616,-4.5875,1.56));
#3176 = CIRCLE('',#3177,0.187500080691);
#3177 = AXIS2_PLACEMENT_3D('',#3178,#3179,#3180);
#3178 = CARTESIAN_POINT('',(-5.400442048902,-4.775,1.56));
#3179 = DIRECTION('',(0.,0.,1.));
#3180 = DIRECTION('',(-9.277387923956E-04,-0.99999956965,0.));
#3181 = ORIENTED_EDGE('',*,*,#3182,.T.);
#3182 = EDGE_CURVE('',#3174,#3138,#3183,.T.);
#3183 = LINE('',#3184,#3185);
#3184 = CARTESIAN_POINT('',(-5.400616,-4.5875,1.56));
#3185 = VECTOR('',#3186,1.);
#3186 = DIRECTION('',(-1.,0.,0.));
#3187 = FACE_BOUND('',#3188,.F.);
#3188 = EDGE_LOOP('',(#3189,#3200,#3208,#3217,#3225,#3234));
#3189 = ORIENTED_EDGE('',*,*,#3190,.T.);
#3190 = EDGE_CURVE('',#3191,#3193,#3195,.T.);
#3191 = VERTEX_POINT('',#3192);
#3192 = CARTESIAN_POINT('',(6.16E-04,-4.5875,1.56));
#3193 = VERTEX_POINT('',#3194);
#3194 = CARTESIAN_POINT('',(-0.183657,-4.811529,1.56));
#3195 = CIRCLE('',#3196,0.18770723447);
#3196 = AXIS2_PLACEMENT_3D('',#3197,#3198,#3199);
#3197 = CARTESIAN_POINT('',(5.025306508499E-04,-4.775207200173,1.56));
#3198 = DIRECTION('',(0.,0.,1.));
#3199 = DIRECTION('',(6.045017362852E-04,0.999999817289,-0.));
#3200 = ORIENTED_EDGE('',*,*,#3201,.T.);
#3201 = EDGE_CURVE('',#3193,#3202,#3204,.T.);
#3202 = VERTEX_POINT('',#3203);
#3203 = CARTESIAN_POINT('',(-0.155697,-4.879033,1.56));
#3204 = LINE('',#3205,#3206);
#3205 = CARTESIAN_POINT('',(-0.183657,-4.811529,1.56));
#3206 = VECTOR('',#3207,1.);
#3207 = DIRECTION('',(0.382670905502,-0.923884721208,0.));
#3208 = ORIENTED_EDGE('',*,*,#3209,.T.);
#3209 = EDGE_CURVE('',#3202,#3210,#3212,.T.);
#3210 = VERTEX_POINT('',#3211);
#3211 = CARTESIAN_POINT('',(6.16E-04,-4.9625,1.56));
#3212 = CIRCLE('',#3213,0.188135047292);
#3213 = AXIS2_PLACEMENT_3D('',#3214,#3215,#3216);
#3214 = CARTESIAN_POINT('',(6.340464267081E-04,-4.774364953573,1.56));
#3215 = DIRECTION('',(0.,0.,1.));
#3216 = DIRECTION('',(-0.830951216569,-0.556345284588,0.));
#3217 = ORIENTED_EDGE('',*,*,#3218,.T.);
#3218 = EDGE_CURVE('',#3210,#3219,#3221,.T.);
#3219 = VERTEX_POINT('',#3220);
#3220 = CARTESIAN_POINT('',(0.999384,-4.9625,1.56));
#3221 = LINE('',#3222,#3223);
#3222 = CARTESIAN_POINT('',(6.16E-04,-4.9625,1.56));
#3223 = VECTOR('',#3224,1.);
#3224 = DIRECTION('',(1.,0.,0.));
#3225 = ORIENTED_EDGE('',*,*,#3226,.T.);
#3226 = EDGE_CURVE('',#3219,#3227,#3229,.T.);
#3227 = VERTEX_POINT('',#3228);
#3228 = CARTESIAN_POINT('',(0.999384,-4.5875,1.56));
#3229 = CIRCLE('',#3230,0.187500080691);
#3230 = AXIS2_PLACEMENT_3D('',#3231,#3232,#3233);
#3231 = CARTESIAN_POINT('',(0.999557951098,-4.775,1.56));
#3232 = DIRECTION('',(0.,0.,1.));
#3233 = DIRECTION('',(-9.277387923939E-04,-0.99999956965,0.));
#3234 = ORIENTED_EDGE('',*,*,#3235,.T.);
#3235 = EDGE_CURVE('',#3227,#3191,#3236,.T.);
#3236 = LINE('',#3237,#3238);
#3237 = CARTESIAN_POINT('',(0.999384,-4.5875,1.56));
#3238 = VECTOR('',#3239,1.);
#3239 = DIRECTION('',(-1.,0.,0.));
#3240 = FACE_BOUND('',#3241,.F.);
#3241 = EDGE_LOOP('',(#3242,#3253,#3261,#3270,#3278,#3287));
#3242 = ORIENTED_EDGE('',*,*,#3243,.T.);
#3243 = EDGE_CURVE('',#3244,#3246,#3248,.T.);
#3244 = VERTEX_POINT('',#3245);
#3245 = CARTESIAN_POINT('',(3.4125,-3.274384,1.56));
#3246 = VERTEX_POINT('',#3247);
#3247 = CARTESIAN_POINT('',(3.63653,-3.458657,1.56));
#3248 = CIRCLE('',#3249,0.187708545285);
#3249 = AXIS2_PLACEMENT_3D('',#3250,#3251,#3252);
#3250 = CARTESIAN_POINT('',(3.600208511829,-3.274496071814,1.56));
#3251 = DIRECTION('',(0.,0.,1.));
#3252 = DIRECTION('',(-0.999999821764,5.970522769977E-04,0.));
#3253 = ORIENTED_EDGE('',*,*,#3254,.T.);
#3254 = EDGE_CURVE('',#3246,#3255,#3257,.T.);
#3255 = VERTEX_POINT('',#3256);
#3256 = CARTESIAN_POINT('',(3.704033,-3.430696,1.56));
#3257 = LINE('',#3258,#3259);
#3258 = CARTESIAN_POINT('',(3.63653,-3.458657,1.56));
#3259 = VECTOR('',#3260,1.);
#3260 = DIRECTION('',(0.923877878088,0.382687426473,0.));
#3261 = ORIENTED_EDGE('',*,*,#3262,.T.);
#3262 = EDGE_CURVE('',#3255,#3263,#3265,.T.);
#3263 = VERTEX_POINT('',#3264);
#3264 = CARTESIAN_POINT('',(3.7875,-3.274384,1.56));
#3265 = CIRCLE('',#3266,0.188135047645);
#3266 = AXIS2_PLACEMENT_3D('',#3267,#3268,#3269);
#3267 = CARTESIAN_POINT('',(3.599364953319,-3.274364953319,1.56));
#3268 = DIRECTION('',(0.,0.,1.));
#3269 = DIRECTION('',(0.556345284896,-0.830951216362,0.));
#3270 = ORIENTED_EDGE('',*,*,#3271,.T.);
#3271 = EDGE_CURVE('',#3263,#3272,#3274,.T.);
#3272 = VERTEX_POINT('',#3273);
#3273 = CARTESIAN_POINT('',(3.7875,-2.275615,1.56));
#3274 = LINE('',#3275,#3276);
#3275 = CARTESIAN_POINT('',(3.7875,-3.274384,1.56));
#3276 = VECTOR('',#3277,1.);
#3277 = DIRECTION('',(0.,1.,0.));
#3278 = ORIENTED_EDGE('',*,*,#3279,.T.);
#3279 = EDGE_CURVE('',#3272,#3280,#3282,.T.);
#3280 = VERTEX_POINT('',#3281);
#3281 = CARTESIAN_POINT('',(3.4125,-2.275615,1.56));
#3282 = CIRCLE('',#3283,0.18750000057);
#3283 = AXIS2_PLACEMENT_3D('',#3284,#3285,#3286);
#3284 = CARTESIAN_POINT('',(3.6,-2.275629617694,1.56));
#3285 = DIRECTION('',(0.,0.,1.));
#3286 = DIRECTION('',(0.999999996961,7.796103291698E-05,-0.));
#3287 = ORIENTED_EDGE('',*,*,#3288,.T.);
#3288 = EDGE_CURVE('',#3280,#3244,#3289,.T.);
#3289 = LINE('',#3290,#3291);
#3290 = CARTESIAN_POINT('',(3.4125,-2.275615,1.56));
#3291 = VECTOR('',#3292,1.);
#3292 = DIRECTION('',(0.,-1.,0.));
#3293 = FACE_BOUND('',#3294,.F.);
#3294 = EDGE_LOOP('',(#3295));
#3295 = ORIENTED_EDGE('',*,*,#3296,.T.);
#3296 = EDGE_CURVE('',#3297,#3297,#3299,.T.);
#3297 = VERTEX_POINT('',#3298);
#3298 = CARTESIAN_POINT('',(-5.362608,-1.725,1.56));
#3299 = CIRCLE('',#3300,0.587392);
#3300 = AXIS2_PLACEMENT_3D('',#3301,#3302,#3303);
#3301 = CARTESIAN_POINT('',(-5.95,-1.725,1.56));
#3302 = DIRECTION('',(0.,0.,1.));
#3303 = DIRECTION('',(1.,0.,-0.));
#3304 = FACE_BOUND('',#3305,.F.);
#3305 = EDGE_LOOP('',(#3306,#3317,#3325,#3334,#3342,#3351));
#3306 = ORIENTED_EDGE('',*,*,#3307,.T.);
#3307 = EDGE_CURVE('',#3308,#3310,#3312,.T.);
#3308 = VERTEX_POINT('',#3309);
#3309 = CARTESIAN_POINT('',(-3.7875,-0.499384,1.56));
#3310 = VERTEX_POINT('',#3311);
#3311 = CARTESIAN_POINT('',(-3.56347,-0.683657,1.56));
#3312 = CIRCLE('',#3313,0.187708545285);
#3313 = AXIS2_PLACEMENT_3D('',#3314,#3315,#3316);
#3314 = CARTESIAN_POINT('',(-3.599791488171,-0.499496071814,1.56));
#3315 = DIRECTION('',(0.,0.,1.));
#3316 = DIRECTION('',(-0.999999821764,5.970522769968E-04,0.));
#3317 = ORIENTED_EDGE('',*,*,#3318,.T.);
#3318 = EDGE_CURVE('',#3310,#3319,#3321,.T.);
#3319 = VERTEX_POINT('',#3320);
#3320 = CARTESIAN_POINT('',(-3.495967,-0.655696,1.56));
#3321 = LINE('',#3322,#3323);
#3322 = CARTESIAN_POINT('',(-3.56347,-0.683657,1.56));
#3323 = VECTOR('',#3324,1.);
#3324 = DIRECTION('',(0.923877878088,0.382687426473,0.));
#3325 = ORIENTED_EDGE('',*,*,#3326,.T.);
#3326 = EDGE_CURVE('',#3319,#3327,#3329,.T.);
#3327 = VERTEX_POINT('',#3328);
#3328 = CARTESIAN_POINT('',(-3.4125,-0.499384,1.56));
#3329 = CIRCLE('',#3330,0.188135047645);
#3330 = AXIS2_PLACEMENT_3D('',#3331,#3332,#3333);
#3331 = CARTESIAN_POINT('',(-3.600635046681,-0.499364953319,1.56));
#3332 = DIRECTION('',(0.,0.,1.));
#3333 = DIRECTION('',(0.556345284896,-0.830951216362,0.));
#3334 = ORIENTED_EDGE('',*,*,#3335,.T.);
#3335 = EDGE_CURVE('',#3327,#3336,#3338,.T.);
#3336 = VERTEX_POINT('',#3337);
#3337 = CARTESIAN_POINT('',(-3.4125,0.499385,1.56));
#3338 = LINE('',#3339,#3340);
#3339 = CARTESIAN_POINT('',(-3.4125,-0.499384,1.56));
#3340 = VECTOR('',#3341,1.);
#3341 = DIRECTION('',(0.,1.,0.));
#3342 = ORIENTED_EDGE('',*,*,#3343,.T.);
#3343 = EDGE_CURVE('',#3336,#3344,#3346,.T.);
#3344 = VERTEX_POINT('',#3345);
#3345 = CARTESIAN_POINT('',(-3.7875,0.499385,1.56));
#3346 = CIRCLE('',#3347,0.18750000057);
#3347 = AXIS2_PLACEMENT_3D('',#3348,#3349,#3350);
#3348 = CARTESIAN_POINT('',(-3.6,0.499370382306,1.56));
#3349 = DIRECTION('',(0.,0.,1.));
#3350 = DIRECTION('',(0.999999996961,7.796103291935E-05,-0.));
#3351 = ORIENTED_EDGE('',*,*,#3352,.T.);
#3352 = EDGE_CURVE('',#3344,#3308,#3353,.T.);
#3353 = LINE('',#3354,#3355);
#3354 = CARTESIAN_POINT('',(-3.7875,0.499385,1.56));
#3355 = VECTOR('',#3356,1.);
#3356 = DIRECTION('',(0.,-1.,0.));
#3357 = FACE_BOUND('',#3358,.F.);
#3358 = EDGE_LOOP('',(#3359,#3370,#3378,#3387,#3395,#3404));
#3359 = ORIENTED_EDGE('',*,*,#3360,.T.);
#3360 = EDGE_CURVE('',#3361,#3363,#3365,.T.);
#3361 = VERTEX_POINT('',#3362);
#3362 = CARTESIAN_POINT('',(1.25E-02,-0.499384,1.56));
#3363 = VERTEX_POINT('',#3364);
#3364 = CARTESIAN_POINT('',(0.23653,-0.683657,1.56));
#3365 = CIRCLE('',#3366,0.187708545285);
#3366 = AXIS2_PLACEMENT_3D('',#3367,#3368,#3369);
#3367 = CARTESIAN_POINT('',(0.200208511829,-0.499496071814,1.56));
#3368 = DIRECTION('',(0.,0.,1.));
#3369 = DIRECTION('',(-0.999999821764,5.970522769974E-04,0.));
#3370 = ORIENTED_EDGE('',*,*,#3371,.T.);
#3371 = EDGE_CURVE('',#3363,#3372,#3374,.T.);
#3372 = VERTEX_POINT('',#3373);
#3373 = CARTESIAN_POINT('',(0.304033,-0.655696,1.56));
#3374 = LINE('',#3375,#3376);
#3375 = CARTESIAN_POINT('',(0.23653,-0.683657,1.56));
#3376 = VECTOR('',#3377,1.);
#3377 = DIRECTION('',(0.923877878088,0.382687426473,0.));
#3378 = ORIENTED_EDGE('',*,*,#3379,.T.);
#3379 = EDGE_CURVE('',#3372,#3380,#3382,.T.);
#3380 = VERTEX_POINT('',#3381);
#3381 = CARTESIAN_POINT('',(0.3875,-0.499384,1.56));
#3382 = CIRCLE('',#3383,0.188135047645);
#3383 = AXIS2_PLACEMENT_3D('',#3384,#3385,#3386);
#3384 = CARTESIAN_POINT('',(0.199364953319,-0.499364953319,1.56));
#3385 = DIRECTION('',(0.,0.,1.));
#3386 = DIRECTION('',(0.556345284896,-0.830951216362,0.));
#3387 = ORIENTED_EDGE('',*,*,#3388,.T.);
#3388 = EDGE_CURVE('',#3380,#3389,#3391,.T.);
#3389 = VERTEX_POINT('',#3390);
#3390 = CARTESIAN_POINT('',(0.3875,0.499385,1.56));
#3391 = LINE('',#3392,#3393);
#3392 = CARTESIAN_POINT('',(0.3875,-0.499384,1.56));
#3393 = VECTOR('',#3394,1.);
#3394 = DIRECTION('',(0.,1.,0.));
#3395 = ORIENTED_EDGE('',*,*,#3396,.T.);
#3396 = EDGE_CURVE('',#3389,#3397,#3399,.T.);
#3397 = VERTEX_POINT('',#3398);
#3398 = CARTESIAN_POINT('',(1.25E-02,0.499385,1.56));
#3399 = CIRCLE('',#3400,0.18750000057);
#3400 = AXIS2_PLACEMENT_3D('',#3401,#3402,#3403);
#3401 = CARTESIAN_POINT('',(0.2,0.499370382306,1.56));
#3402 = DIRECTION('',(0.,0.,1.));
#3403 = DIRECTION('',(0.999999996961,7.796103292231E-05,-0.));
#3404 = ORIENTED_EDGE('',*,*,#3405,.T.);
#3405 = EDGE_CURVE('',#3397,#3361,#3406,.T.);
#3406 = LINE('',#3407,#3408);
#3407 = CARTESIAN_POINT('',(1.25E-02,0.499385,1.56));
#3408 = VECTOR('',#3409,1.);
#3409 = DIRECTION('',(0.,-1.,0.));
#3410 = FACE_BOUND('',#3411,.F.);
#3411 = EDGE_LOOP('',(#3412));
#3412 = ORIENTED_EDGE('',*,*,#3413,.T.);
#3413 = EDGE_CURVE('',#3414,#3414,#3416,.T.);
#3414 = VERTEX_POINT('',#3415);
#3415 = CARTESIAN_POINT('',(3.887392,0.,1.56));
#3416 = CIRCLE('',#3417,0.287392);
#3417 = AXIS2_PLACEMENT_3D('',#3418,#3419,#3420);
#3418 = CARTESIAN_POINT('',(3.6,-0.,1.56));
#3419 = DIRECTION('',(0.,0.,1.));
#3420 = DIRECTION('',(1.,0.,-0.));
#3421 = FACE_BOUND('',#3422,.F.);
#3422 = EDGE_LOOP('',(#3423));
#3423 = ORIENTED_EDGE('',*,*,#3424,.T.);
#3424 = EDGE_CURVE('',#3425,#3425,#3427,.T.);
#3425 = VERTEX_POINT('',#3426);
#3426 = CARTESIAN_POINT('',(-5.362608,1.725,1.56));
#3427 = CIRCLE('',#3428,0.587392);
#3428 = AXIS2_PLACEMENT_3D('',#3429,#3430,#3431);
#3429 = CARTESIAN_POINT('',(-5.95,1.725,1.56));
#3430 = DIRECTION('',(0.,0.,1.));
#3431 = DIRECTION('',(1.,0.,-0.));
#3432 = FACE_BOUND('',#3433,.F.);
#3433 = EDGE_LOOP('',(#3434,#3445,#3453,#3462,#3470,#3479));
#3434 = ORIENTED_EDGE('',*,*,#3435,.T.);
#3435 = EDGE_CURVE('',#3436,#3438,#3440,.T.);
#3436 = VERTEX_POINT('',#3437);
#3437 = CARTESIAN_POINT('',(3.4125,2.275616,1.56));
#3438 = VERTEX_POINT('',#3439);
#3439 = CARTESIAN_POINT('',(3.63653,2.091343,1.56));
#3440 = CIRCLE('',#3441,0.187708545285);
#3441 = AXIS2_PLACEMENT_3D('',#3442,#3443,#3444);
#3442 = CARTESIAN_POINT('',(3.600208511829,2.275503928186,1.56));
#3443 = DIRECTION('',(0.,0.,1.));
#3444 = DIRECTION('',(-0.999999821764,5.970522769954E-04,0.));
#3445 = ORIENTED_EDGE('',*,*,#3446,.T.);
#3446 = EDGE_CURVE('',#3438,#3447,#3449,.T.);
#3447 = VERTEX_POINT('',#3448);
#3448 = CARTESIAN_POINT('',(3.704033,2.119304,1.56));
#3449 = LINE('',#3450,#3451);
#3450 = CARTESIAN_POINT('',(3.63653,2.091343,1.56));
#3451 = VECTOR('',#3452,1.);
#3452 = DIRECTION('',(0.923877878088,0.382687426473,0.));
#3453 = ORIENTED_EDGE('',*,*,#3454,.T.);
#3454 = EDGE_CURVE('',#3447,#3455,#3457,.T.);
#3455 = VERTEX_POINT('',#3456);
#3456 = CARTESIAN_POINT('',(3.7875,2.275616,1.56));
#3457 = CIRCLE('',#3458,0.188135047645);
#3458 = AXIS2_PLACEMENT_3D('',#3459,#3460,#3461);
#3459 = CARTESIAN_POINT('',(3.599364953319,2.275635046681,1.56));
#3460 = DIRECTION('',(0.,0.,1.));
#3461 = DIRECTION('',(0.556345284896,-0.830951216362,0.));
#3462 = ORIENTED_EDGE('',*,*,#3463,.T.);
#3463 = EDGE_CURVE('',#3455,#3464,#3466,.T.);
#3464 = VERTEX_POINT('',#3465);
#3465 = CARTESIAN_POINT('',(3.7875,3.274385,1.56));
#3466 = LINE('',#3467,#3468);
#3467 = CARTESIAN_POINT('',(3.7875,2.275616,1.56));
#3468 = VECTOR('',#3469,1.);
#3469 = DIRECTION('',(0.,1.,0.));
#3470 = ORIENTED_EDGE('',*,*,#3471,.T.);
#3471 = EDGE_CURVE('',#3464,#3472,#3474,.T.);
#3472 = VERTEX_POINT('',#3473);
#3473 = CARTESIAN_POINT('',(3.4125,3.274385,1.56));
#3474 = CIRCLE('',#3475,0.18750000057);
#3475 = AXIS2_PLACEMENT_3D('',#3476,#3477,#3478);
#3476 = CARTESIAN_POINT('',(3.6,3.274370382306,1.56));
#3477 = DIRECTION('',(0.,0.,1.));
#3478 = DIRECTION('',(0.999999996961,7.796103291935E-05,-0.));
#3479 = ORIENTED_EDGE('',*,*,#3480,.T.);
#3480 = EDGE_CURVE('',#3472,#3436,#3481,.T.);
#3481 = LINE('',#3482,#3483);
#3482 = CARTESIAN_POINT('',(3.4125,3.274385,1.56));
#3483 = VECTOR('',#3484,1.);
#3484 = DIRECTION('',(0.,-1.,0.));
#3485 = FACE_BOUND('',#3486,.F.);
#3486 = EDGE_LOOP('',(#3487,#3498,#3506,#3515,#3523,#3532));
#3487 = ORIENTED_EDGE('',*,*,#3488,.T.);
#3488 = EDGE_CURVE('',#3489,#3491,#3493,.T.);
#3489 = VERTEX_POINT('',#3490);
#3490 = CARTESIAN_POINT('',(-6.399384,4.9625,1.56));
#3491 = VERTEX_POINT('',#3492);
#3492 = CARTESIAN_POINT('',(-6.583657,4.738471,1.56));
#3493 = CIRCLE('',#3494,0.18770723447);
#3494 = AXIS2_PLACEMENT_3D('',#3495,#3496,#3497);
#3495 = CARTESIAN_POINT('',(-6.399497469349,4.774792799827,1.56));
#3496 = DIRECTION('',(0.,0.,1.));
#3497 = DIRECTION('',(6.045017362823E-04,0.999999817289,-0.));
#3498 = ORIENTED_EDGE('',*,*,#3499,.T.);
#3499 = EDGE_CURVE('',#3491,#3500,#3502,.T.);
#3500 = VERTEX_POINT('',#3501);
#3501 = CARTESIAN_POINT('',(-6.555697,4.670967,1.56));
#3502 = LINE('',#3503,#3504);
#3503 = CARTESIAN_POINT('',(-6.583657,4.738471,1.56));
#3504 = VECTOR('',#3505,1.);
#3505 = DIRECTION('',(0.382670905502,-0.923884721208,0.));
#3506 = ORIENTED_EDGE('',*,*,#3507,.T.);
#3507 = EDGE_CURVE('',#3500,#3508,#3510,.T.);
#3508 = VERTEX_POINT('',#3509);
#3509 = CARTESIAN_POINT('',(-6.399384,4.5875,1.56));
#3510 = CIRCLE('',#3511,0.188135047292);
#3511 = AXIS2_PLACEMENT_3D('',#3512,#3513,#3514);
#3512 = CARTESIAN_POINT('',(-6.399365953573,4.775635046427,1.56));
#3513 = DIRECTION('',(0.,0.,1.));
#3514 = DIRECTION('',(-0.830951216569,-0.556345284588,0.));
#3515 = ORIENTED_EDGE('',*,*,#3516,.T.);
#3516 = EDGE_CURVE('',#3508,#3517,#3519,.T.);
#3517 = VERTEX_POINT('',#3518);
#3518 = CARTESIAN_POINT('',(-5.400616,4.5875,1.56));
#3519 = LINE('',#3520,#3521);
#3520 = CARTESIAN_POINT('',(-6.399384,4.5875,1.56));
#3521 = VECTOR('',#3522,1.);
#3522 = DIRECTION('',(1.,0.,0.));
#3523 = ORIENTED_EDGE('',*,*,#3524,.T.);
#3524 = EDGE_CURVE('',#3517,#3525,#3527,.T.);
#3525 = VERTEX_POINT('',#3526);
#3526 = CARTESIAN_POINT('',(-5.400616,4.9625,1.56));
#3527 = CIRCLE('',#3528,0.187500080691);
#3528 = AXIS2_PLACEMENT_3D('',#3529,#3530,#3531);
#3529 = CARTESIAN_POINT('',(-5.400442048902,4.775,1.56));
#3530 = DIRECTION('',(0.,0.,1.));
#3531 = DIRECTION('',(-9.277387924004E-04,-0.99999956965,0.));
#3532 = ORIENTED_EDGE('',*,*,#3533,.T.);
#3533 = EDGE_CURVE('',#3525,#3489,#3534,.T.);
#3534 = LINE('',#3535,#3536);
#3535 = CARTESIAN_POINT('',(-5.400616,4.9625,1.56));
#3536 = VECTOR('',#3537,1.);
#3537 = DIRECTION('',(-1.,0.,0.));
#3538 = FACE_BOUND('',#3539,.F.);
#3539 = EDGE_LOOP('',(#3540,#3551,#3559,#3568,#3576,#3585));
#3540 = ORIENTED_EDGE('',*,*,#3541,.T.);
#3541 = EDGE_CURVE('',#3542,#3544,#3546,.T.);
#3542 = VERTEX_POINT('',#3543);
#3543 = CARTESIAN_POINT('',(6.16E-04,4.9625,1.56));
#3544 = VERTEX_POINT('',#3545);
#3545 = CARTESIAN_POINT('',(-0.183657,4.738471,1.56));
#3546 = CIRCLE('',#3547,0.18770723447);
#3547 = AXIS2_PLACEMENT_3D('',#3548,#3549,#3550);
#3548 = CARTESIAN_POINT('',(5.025306508502E-04,4.774792799827,1.56));
#3549 = DIRECTION('',(0.,0.,1.));
#3550 = DIRECTION('',(6.045017362838E-04,0.999999817289,-0.));
#3551 = ORIENTED_EDGE('',*,*,#3552,.T.);
#3552 = EDGE_CURVE('',#3544,#3553,#3555,.T.);
#3553 = VERTEX_POINT('',#3554);
#3554 = CARTESIAN_POINT('',(-0.155697,4.670967,1.56));
#3555 = LINE('',#3556,#3557);
#3556 = CARTESIAN_POINT('',(-0.183657,4.738471,1.56));
#3557 = VECTOR('',#3558,1.);
#3558 = DIRECTION('',(0.382670905502,-0.923884721208,0.));
#3559 = ORIENTED_EDGE('',*,*,#3560,.T.);
#3560 = EDGE_CURVE('',#3553,#3561,#3563,.T.);
#3561 = VERTEX_POINT('',#3562);
#3562 = CARTESIAN_POINT('',(6.16E-04,4.5875,1.56));
#3563 = CIRCLE('',#3564,0.188135047292);
#3564 = AXIS2_PLACEMENT_3D('',#3565,#3566,#3567);
#3565 = CARTESIAN_POINT('',(6.340464267063E-04,4.775635046427,1.56));
#3566 = DIRECTION('',(0.,0.,1.));
#3567 = DIRECTION('',(-0.830951216569,-0.556345284588,0.));
#3568 = ORIENTED_EDGE('',*,*,#3569,.T.);
#3569 = EDGE_CURVE('',#3561,#3570,#3572,.T.);
#3570 = VERTEX_POINT('',#3571);
#3571 = CARTESIAN_POINT('',(0.999384,4.5875,1.56));
#3572 = LINE('',#3573,#3574);
#3573 = CARTESIAN_POINT('',(6.16E-04,4.5875,1.56));
#3574 = VECTOR('',#3575,1.);
#3575 = DIRECTION('',(1.,0.,0.));
#3576 = ORIENTED_EDGE('',*,*,#3577,.T.);
#3577 = EDGE_CURVE('',#3570,#3578,#3580,.T.);
#3578 = VERTEX_POINT('',#3579);
#3579 = CARTESIAN_POINT('',(0.999384,4.9625,1.56));
#3580 = CIRCLE('',#3581,0.187500080691);
#3581 = AXIS2_PLACEMENT_3D('',#3582,#3583,#3584);
#3582 = CARTESIAN_POINT('',(0.999557951098,4.775,1.56));
#3583 = DIRECTION('',(0.,0.,1.));
#3584 = DIRECTION('',(-9.27738792401E-04,-0.99999956965,0.));
#3585 = ORIENTED_EDGE('',*,*,#3586,.T.);
#3586 = EDGE_CURVE('',#3578,#3542,#3587,.T.);
#3587 = LINE('',#3588,#3589);
#3588 = CARTESIAN_POINT('',(0.999384,4.9625,1.56));
#3589 = VECTOR('',#3590,1.);
#3590 = DIRECTION('',(-1.,0.,0.));
#3591 = PLANE('',#3592);
#3592 = AXIS2_PLACEMENT_3D('',#3593,#3594,#3595);
#3593 = CARTESIAN_POINT('',(0.,0.,1.56));
#3594 = DIRECTION('',(0.,0.,1.));
#3595 = DIRECTION('',(1.,0.,-0.));
#3596 = ( GEOMETRIC_REPRESENTATION_CONTEXT(3) 
GLOBAL_UNCERTAINTY_ASSIGNED_CONTEXT((#3600)) 
GLOBAL_UNIT_ASSIGNED_CONTEXT((#3597,#3598,#3599)) REPRESENTATION_CONTEXT
('Context #1','3D Context with UNIT and UNCERTAINTY') );
#3597 = ( LENGTH_UNIT() NAMED_UNIT(*) SI_UNIT(.MILLI.,.METRE.) );
#3598 = ( NAMED_UNIT(*) PLANE_ANGLE_UNIT() SI_UNIT($,.RADIAN.) );
#3599 = ( NAMED_UNIT(*) SI_UNIT($,.STERADIAN.) SOLID_ANGLE_UNIT() );
#3600 = UNCERTAINTY_MEASURE_WITH_UNIT(LENGTH_MEASURE(1.E-07),#3597,
  'distance_accuracy_value','confusion accuracy');
#3601 = CONTEXT_DEPENDENT_SHAPE_REPRESENTATION(#3602,#3604);
#3602 = ( REPRESENTATION_RELATIONSHIP('','',#3026,#10) 
REPRESENTATION_RELATIONSHIP_WITH_TRANSFORMATION(#3603) 
SHAPE_REPRESENTATION_RELATIONSHIP() );
#3603 = ITEM_DEFINED_TRANSFORMATION('','',#11,#19);
#3604 = PRODUCT_DEFINITION_SHAPE('Placement','Placement of an item',
  #3605);
#3605 = NEXT_ASSEMBLY_USAGE_OCCURRENCE('15','=>[0:1:1:16]','',#5,#3021,$
  );
#3606 = PRODUCT_RELATED_PRODUCT_CATEGORY('part',$,(#3023));
#3607 = SHAPE_DEFINITION_REPRESENTATION(#3608,#3614);
#3608 = PRODUCT_DEFINITION_SHAPE('','',#3609);
#3609 = PRODUCT_DEFINITION('design','',#3610,#3613);
#3610 = PRODUCT_DEFINITION_FORMATION('','',#3611);
#3611 = PRODUCT('Power_in-unsaved-export-sek5Wk_soldermask',
  'Power_in-unsaved-export-sek5Wk_soldermask','',(#3612));
#3612 = PRODUCT_CONTEXT('',#2,'mechanical');
#3613 = PRODUCT_DEFINITION_CONTEXT('part definition',#2,'design');
#3614 = MANIFOLD_SURFACE_SHAPE_REPRESENTATION('',(#11,#3615),#4184);
#3615 = SHELL_BASED_SURFACE_MODEL('',(#3616));
#3616 = OPEN_SHELL('',(#3617));
#3617 = ADVANCED_FACE('',(#3618,#3652,#3722,#3775,#3828,#3881,#3892,
    #3945,#3998,#4009,#4020,#4073,#4126),#4179,.T.);
#3618 = FACE_BOUND('',#3619,.T.);
#3619 = EDGE_LOOP('',(#3620,#3630,#3638,#3646));
#3620 = ORIENTED_EDGE('',*,*,#3621,.T.);
#3621 = EDGE_CURVE('',#3622,#3624,#3626,.T.);
#3622 = VERTEX_POINT('',#3623);
#3623 = CARTESIAN_POINT('',(-8.5,-6.5,-5.E-02));
#3624 = VERTEX_POINT('',#3625);
#3625 = CARTESIAN_POINT('',(-8.5,6.5,-5.E-02));
#3626 = LINE('',#3627,#3628);
#3627 = CARTESIAN_POINT('',(-8.5,-6.5,-5.E-02));
#3628 = VECTOR('',#3629,1.);
#3629 = DIRECTION('',(0.,1.,0.));
#3630 = ORIENTED_EDGE('',*,*,#3631,.T.);
#3631 = EDGE_CURVE('',#3624,#3632,#3634,.T.);
#3632 = VERTEX_POINT('',#3633);
#3633 = CARTESIAN_POINT('',(8.5,6.5,-5.E-02));
#3634 = LINE('',#3635,#3636);
#3635 = CARTESIAN_POINT('',(-8.5,6.5,-5.E-02));
#3636 = VECTOR('',#3637,1.);
#3637 = DIRECTION('',(1.,0.,0.));
#3638 = ORIENTED_EDGE('',*,*,#3639,.T.);
#3639 = EDGE_CURVE('',#3632,#3640,#3642,.T.);
#3640 = VERTEX_POINT('',#3641);
#3641 = CARTESIAN_POINT('',(8.5,-6.5,-5.E-02));
#3642 = LINE('',#3643,#3644);
#3643 = CARTESIAN_POINT('',(8.5,6.5,-5.E-02));
#3644 = VECTOR('',#3645,1.);
#3645 = DIRECTION('',(0.,-1.,0.));
#3646 = ORIENTED_EDGE('',*,*,#3647,.T.);
#3647 = EDGE_CURVE('',#3640,#3622,#3648,.T.);
#3648 = LINE('',#3649,#3650);
#3649 = CARTESIAN_POINT('',(8.5,-6.5,-5.E-02));
#3650 = VECTOR('',#3651,1.);
#3651 = DIRECTION('',(-1.,0.,0.));
#3652 = FACE_BOUND('',#3653,.T.);
#3653 = EDGE_LOOP('',(#3654,#3665,#3673,#3682,#3690,#3699,#3707,#3716));
#3654 = ORIENTED_EDGE('',*,*,#3655,.T.);
#3655 = EDGE_CURVE('',#3656,#3658,#3660,.T.);
#3656 = VERTEX_POINT('',#3657);
#3657 = CARTESIAN_POINT('',(8.3,6.25,-5.E-02));
#3658 = VERTEX_POINT('',#3659);
#3659 = CARTESIAN_POINT('',(8.25,6.3,-5.E-02));
#3660 = CIRCLE('',#3661,5.000014378935E-02);
#3661 = AXIS2_PLACEMENT_3D('',#3662,#3663,#3664);
#3662 = CARTESIAN_POINT('',(8.249999856211,6.249999856211,-5.E-02));
#3663 = DIRECTION('',(0.,0.,1.));
#3664 = DIRECTION('',(0.999999999996,2.87577464835E-06,-0.));
#3665 = ORIENTED_EDGE('',*,*,#3666,.T.);
#3666 = EDGE_CURVE('',#3658,#3667,#3669,.T.);
#3667 = VERTEX_POINT('',#3668);
#3668 = CARTESIAN_POINT('',(6.,6.3,-5.E-02));
#3669 = LINE('',#3670,#3671);
#3670 = CARTESIAN_POINT('',(8.25,6.3,-5.E-02));
#3671 = VECTOR('',#3672,1.);
#3672 = DIRECTION('',(-1.,0.,0.));
#3673 = ORIENTED_EDGE('',*,*,#3674,.T.);
#3674 = EDGE_CURVE('',#3667,#3675,#3677,.T.);
#3675 = VERTEX_POINT('',#3676);
#3676 = CARTESIAN_POINT('',(5.95,6.25,-5.E-02));
#3677 = CIRCLE('',#3678,5.000014378935E-02);
#3678 = AXIS2_PLACEMENT_3D('',#3679,#3680,#3681);
#3679 = CARTESIAN_POINT('',(6.000000143789,6.249999856211,-5.E-02));
#3680 = DIRECTION('',(0.,0.,1.));
#3681 = DIRECTION('',(-2.87577459506E-06,0.999999999996,0.));
#3682 = ORIENTED_EDGE('',*,*,#3683,.T.);
#3683 = EDGE_CURVE('',#3675,#3684,#3686,.T.);
#3684 = VERTEX_POINT('',#3685);
#3685 = CARTESIAN_POINT('',(5.95,-6.25,-5.E-02));
#3686 = LINE('',#3687,#3688);
#3687 = CARTESIAN_POINT('',(5.95,6.25,-5.E-02));
#3688 = VECTOR('',#3689,1.);
#3689 = DIRECTION('',(0.,-1.,0.));
#3690 = ORIENTED_EDGE('',*,*,#3691,.T.);
#3691 = EDGE_CURVE('',#3684,#3692,#3694,.T.);
#3692 = VERTEX_POINT('',#3693);
#3693 = CARTESIAN_POINT('',(6.,-6.3,-5.E-02));
#3694 = CIRCLE('',#3695,5.000014378935E-02);
#3695 = AXIS2_PLACEMENT_3D('',#3696,#3697,#3698);
#3696 = CARTESIAN_POINT('',(6.000000143789,-6.249999856211,-5.E-02));
#3697 = DIRECTION('',(0.,0.,1.));
#3698 = DIRECTION('',(-0.999999999996,-2.87577459506E-06,0.));
#3699 = ORIENTED_EDGE('',*,*,#3700,.T.);
#3700 = EDGE_CURVE('',#3692,#3701,#3703,.T.);
#3701 = VERTEX_POINT('',#3702);
#3702 = CARTESIAN_POINT('',(8.25,-6.3,-5.E-02));
#3703 = LINE('',#3704,#3705);
#3704 = CARTESIAN_POINT('',(6.,-6.3,-5.E-02));
#3705 = VECTOR('',#3706,1.);
#3706 = DIRECTION('',(1.,0.,0.));
#3707 = ORIENTED_EDGE('',*,*,#3708,.T.);
#3708 = EDGE_CURVE('',#3701,#3709,#3711,.T.);
#3709 = VERTEX_POINT('',#3710);
#3710 = CARTESIAN_POINT('',(8.3,-6.25,-5.E-02));
#3711 = CIRCLE('',#3712,5.000014378935E-02);
#3712 = AXIS2_PLACEMENT_3D('',#3713,#3714,#3715);
#3713 = CARTESIAN_POINT('',(8.249999856211,-6.249999856211,-5.E-02));
#3714 = DIRECTION('',(0.,0.,1.));
#3715 = DIRECTION('',(2.875774612823E-06,-0.999999999996,0.));
#3716 = ORIENTED_EDGE('',*,*,#3717,.T.);
#3717 = EDGE_CURVE('',#3709,#3656,#3718,.T.);
#3718 = LINE('',#3719,#3720);
#3719 = CARTESIAN_POINT('',(8.3,-6.25,-5.E-02));
#3720 = VECTOR('',#3721,1.);
#3721 = DIRECTION('',(0.,1.,0.));
#3722 = FACE_BOUND('',#3723,.T.);
#3723 = EDGE_LOOP('',(#3724,#3735,#3743,#3752,#3760,#3769));
#3724 = ORIENTED_EDGE('',*,*,#3725,.T.);
#3725 = EDGE_CURVE('',#3726,#3728,#3730,.T.);
#3726 = VERTEX_POINT('',#3727);
#3727 = CARTESIAN_POINT('',(-6.399384,-4.5875,-5.E-02));
#3728 = VERTEX_POINT('',#3729);
#3729 = CARTESIAN_POINT('',(-6.583657,-4.811529,-5.E-02));
#3730 = CIRCLE('',#3731,0.18770723447);
#3731 = AXIS2_PLACEMENT_3D('',#3732,#3733,#3734);
#3732 = CARTESIAN_POINT('',(-6.399497469349,-4.775207200173,-5.E-02));
#3733 = DIRECTION('',(0.,0.,1.));
#3734 = DIRECTION('',(6.045017362823E-04,0.999999817289,-0.));
#3735 = ORIENTED_EDGE('',*,*,#3736,.T.);
#3736 = EDGE_CURVE('',#3728,#3737,#3739,.T.);
#3737 = VERTEX_POINT('',#3738);
#3738 = CARTESIAN_POINT('',(-6.555697,-4.879033,-5.E-02));
#3739 = LINE('',#3740,#3741);
#3740 = CARTESIAN_POINT('',(-6.583657,-4.811529,-5.E-02));
#3741 = VECTOR('',#3742,1.);
#3742 = DIRECTION('',(0.382670905502,-0.923884721208,0.));
#3743 = ORIENTED_EDGE('',*,*,#3744,.T.);
#3744 = EDGE_CURVE('',#3737,#3745,#3747,.T.);
#3745 = VERTEX_POINT('',#3746);
#3746 = CARTESIAN_POINT('',(-6.399384,-4.9625,-5.E-02));
#3747 = CIRCLE('',#3748,0.188135047292);
#3748 = AXIS2_PLACEMENT_3D('',#3749,#3750,#3751);
#3749 = CARTESIAN_POINT('',(-6.399365953573,-4.774364953573,-5.E-02));
#3750 = DIRECTION('',(0.,0.,1.));
#3751 = DIRECTION('',(-0.830951216569,-0.556345284588,0.));
#3752 = ORIENTED_EDGE('',*,*,#3753,.T.);
#3753 = EDGE_CURVE('',#3745,#3754,#3756,.T.);
#3754 = VERTEX_POINT('',#3755);
#3755 = CARTESIAN_POINT('',(-5.400616,-4.9625,-5.E-02));
#3756 = LINE('',#3757,#3758);
#3757 = CARTESIAN_POINT('',(-6.399384,-4.9625,-5.E-02));
#3758 = VECTOR('',#3759,1.);
#3759 = DIRECTION('',(1.,0.,0.));
#3760 = ORIENTED_EDGE('',*,*,#3761,.T.);
#3761 = EDGE_CURVE('',#3754,#3762,#3764,.T.);
#3762 = VERTEX_POINT('',#3763);
#3763 = CARTESIAN_POINT('',(-5.400616,-4.5875,-5.E-02));
#3764 = CIRCLE('',#3765,0.187500080691);
#3765 = AXIS2_PLACEMENT_3D('',#3766,#3767,#3768);
#3766 = CARTESIAN_POINT('',(-5.400442048902,-4.775,-5.E-02));
#3767 = DIRECTION('',(0.,0.,1.));
#3768 = DIRECTION('',(-9.277387923956E-04,-0.99999956965,0.));
#3769 = ORIENTED_EDGE('',*,*,#3770,.T.);
#3770 = EDGE_CURVE('',#3762,#3726,#3771,.T.);
#3771 = LINE('',#3772,#3773);
#3772 = CARTESIAN_POINT('',(-5.400616,-4.5875,-5.E-02));
#3773 = VECTOR('',#3774,1.);
#3774 = DIRECTION('',(-1.,0.,0.));
#3775 = FACE_BOUND('',#3776,.T.);
#3776 = EDGE_LOOP('',(#3777,#3788,#3796,#3805,#3813,#3822));
#3777 = ORIENTED_EDGE('',*,*,#3778,.T.);
#3778 = EDGE_CURVE('',#3779,#3781,#3783,.T.);
#3779 = VERTEX_POINT('',#3780);
#3780 = CARTESIAN_POINT('',(6.16E-04,-4.5875,-5.E-02));
#3781 = VERTEX_POINT('',#3782);
#3782 = CARTESIAN_POINT('',(-0.183657,-4.811529,-5.E-02));
#3783 = CIRCLE('',#3784,0.18770723447);
#3784 = AXIS2_PLACEMENT_3D('',#3785,#3786,#3787);
#3785 = CARTESIAN_POINT('',(5.025306508499E-04,-4.775207200173,-5.E-02)
  );
#3786 = DIRECTION('',(0.,0.,1.));
#3787 = DIRECTION('',(6.045017362852E-04,0.999999817289,-0.));
#3788 = ORIENTED_EDGE('',*,*,#3789,.T.);
#3789 = EDGE_CURVE('',#3781,#3790,#3792,.T.);
#3790 = VERTEX_POINT('',#3791);
#3791 = CARTESIAN_POINT('',(-0.155697,-4.879033,-5.E-02));
#3792 = LINE('',#3793,#3794);
#3793 = CARTESIAN_POINT('',(-0.183657,-4.811529,-5.E-02));
#3794 = VECTOR('',#3795,1.);
#3795 = DIRECTION('',(0.382670905502,-0.923884721208,0.));
#3796 = ORIENTED_EDGE('',*,*,#3797,.T.);
#3797 = EDGE_CURVE('',#3790,#3798,#3800,.T.);
#3798 = VERTEX_POINT('',#3799);
#3799 = CARTESIAN_POINT('',(6.16E-04,-4.9625,-5.E-02));
#3800 = CIRCLE('',#3801,0.188135047292);
#3801 = AXIS2_PLACEMENT_3D('',#3802,#3803,#3804);
#3802 = CARTESIAN_POINT('',(6.340464267081E-04,-4.774364953573,-5.E-02)
  );
#3803 = DIRECTION('',(0.,0.,1.));
#3804 = DIRECTION('',(-0.830951216569,-0.556345284588,0.));
#3805 = ORIENTED_EDGE('',*,*,#3806,.T.);
#3806 = EDGE_CURVE('',#3798,#3807,#3809,.T.);
#3807 = VERTEX_POINT('',#3808);
#3808 = CARTESIAN_POINT('',(0.999384,-4.9625,-5.E-02));
#3809 = LINE('',#3810,#3811);
#3810 = CARTESIAN_POINT('',(6.16E-04,-4.9625,-5.E-02));
#3811 = VECTOR('',#3812,1.);
#3812 = DIRECTION('',(1.,0.,0.));
#3813 = ORIENTED_EDGE('',*,*,#3814,.T.);
#3814 = EDGE_CURVE('',#3807,#3815,#3817,.T.);
#3815 = VERTEX_POINT('',#3816);
#3816 = CARTESIAN_POINT('',(0.999384,-4.5875,-5.E-02));
#3817 = CIRCLE('',#3818,0.187500080691);
#3818 = AXIS2_PLACEMENT_3D('',#3819,#3820,#3821);
#3819 = CARTESIAN_POINT('',(0.999557951098,-4.775,-5.E-02));
#3820 = DIRECTION('',(0.,0.,1.));
#3821 = DIRECTION('',(-9.277387923939E-04,-0.99999956965,0.));
#3822 = ORIENTED_EDGE('',*,*,#3823,.T.);
#3823 = EDGE_CURVE('',#3815,#3779,#3824,.T.);
#3824 = LINE('',#3825,#3826);
#3825 = CARTESIAN_POINT('',(0.999384,-4.5875,-5.E-02));
#3826 = VECTOR('',#3827,1.);
#3827 = DIRECTION('',(-1.,0.,0.));
#3828 = FACE_BOUND('',#3829,.T.);
#3829 = EDGE_LOOP('',(#3830,#3841,#3849,#3858,#3866,#3875));
#3830 = ORIENTED_EDGE('',*,*,#3831,.T.);
#3831 = EDGE_CURVE('',#3832,#3834,#3836,.T.);
#3832 = VERTEX_POINT('',#3833);
#3833 = CARTESIAN_POINT('',(3.4125,-3.274384,-5.E-02));
#3834 = VERTEX_POINT('',#3835);
#3835 = CARTESIAN_POINT('',(3.63653,-3.458657,-5.E-02));
#3836 = CIRCLE('',#3837,0.187708545285);
#3837 = AXIS2_PLACEMENT_3D('',#3838,#3839,#3840);
#3838 = CARTESIAN_POINT('',(3.600208511829,-3.274496071814,-5.E-02));
#3839 = DIRECTION('',(0.,0.,1.));
#3840 = DIRECTION('',(-0.999999821764,5.970522769977E-04,0.));
#3841 = ORIENTED_EDGE('',*,*,#3842,.T.);
#3842 = EDGE_CURVE('',#3834,#3843,#3845,.T.);
#3843 = VERTEX_POINT('',#3844);
#3844 = CARTESIAN_POINT('',(3.704033,-3.430696,-5.E-02));
#3845 = LINE('',#3846,#3847);
#3846 = CARTESIAN_POINT('',(3.63653,-3.458657,-5.E-02));
#3847 = VECTOR('',#3848,1.);
#3848 = DIRECTION('',(0.923877878088,0.382687426473,0.));
#3849 = ORIENTED_EDGE('',*,*,#3850,.T.);
#3850 = EDGE_CURVE('',#3843,#3851,#3853,.T.);
#3851 = VERTEX_POINT('',#3852);
#3852 = CARTESIAN_POINT('',(3.7875,-3.274384,-5.E-02));
#3853 = CIRCLE('',#3854,0.188135047645);
#3854 = AXIS2_PLACEMENT_3D('',#3855,#3856,#3857);
#3855 = CARTESIAN_POINT('',(3.599364953319,-3.274364953319,-5.E-02));
#3856 = DIRECTION('',(0.,0.,1.));
#3857 = DIRECTION('',(0.556345284896,-0.830951216362,0.));
#3858 = ORIENTED_EDGE('',*,*,#3859,.T.);
#3859 = EDGE_CURVE('',#3851,#3860,#3862,.T.);
#3860 = VERTEX_POINT('',#3861);
#3861 = CARTESIAN_POINT('',(3.7875,-2.275615,-5.E-02));
#3862 = LINE('',#3863,#3864);
#3863 = CARTESIAN_POINT('',(3.7875,-3.274384,-5.E-02));
#3864 = VECTOR('',#3865,1.);
#3865 = DIRECTION('',(0.,1.,0.));
#3866 = ORIENTED_EDGE('',*,*,#3867,.T.);
#3867 = EDGE_CURVE('',#3860,#3868,#3870,.T.);
#3868 = VERTEX_POINT('',#3869);
#3869 = CARTESIAN_POINT('',(3.4125,-2.275615,-5.E-02));
#3870 = CIRCLE('',#3871,0.18750000057);
#3871 = AXIS2_PLACEMENT_3D('',#3872,#3873,#3874);
#3872 = CARTESIAN_POINT('',(3.6,-2.275629617694,-5.E-02));
#3873 = DIRECTION('',(0.,0.,1.));
#3874 = DIRECTION('',(0.999999996961,7.796103291698E-05,-0.));
#3875 = ORIENTED_EDGE('',*,*,#3876,.T.);
#3876 = EDGE_CURVE('',#3868,#3832,#3877,.T.);
#3877 = LINE('',#3878,#3879);
#3878 = CARTESIAN_POINT('',(3.4125,-2.275615,-5.E-02));
#3879 = VECTOR('',#3880,1.);
#3880 = DIRECTION('',(0.,-1.,0.));
#3881 = FACE_BOUND('',#3882,.T.);
#3882 = EDGE_LOOP('',(#3883));
#3883 = ORIENTED_EDGE('',*,*,#3884,.T.);
#3884 = EDGE_CURVE('',#3885,#3885,#3887,.T.);
#3885 = VERTEX_POINT('',#3886);
#3886 = CARTESIAN_POINT('',(-5.362608,-1.725,-5.E-02));
#3887 = CIRCLE('',#3888,0.587392);
#3888 = AXIS2_PLACEMENT_3D('',#3889,#3890,#3891);
#3889 = CARTESIAN_POINT('',(-5.95,-1.725,-5.E-02));
#3890 = DIRECTION('',(0.,0.,1.));
#3891 = DIRECTION('',(1.,0.,-0.));
#3892 = FACE_BOUND('',#3893,.T.);
#3893 = EDGE_LOOP('',(#3894,#3905,#3913,#3922,#3930,#3939));
#3894 = ORIENTED_EDGE('',*,*,#3895,.T.);
#3895 = EDGE_CURVE('',#3896,#3898,#3900,.T.);
#3896 = VERTEX_POINT('',#3897);
#3897 = CARTESIAN_POINT('',(-3.7875,-0.499384,-5.E-02));
#3898 = VERTEX_POINT('',#3899);
#3899 = CARTESIAN_POINT('',(-3.56347,-0.683657,-5.E-02));
#3900 = CIRCLE('',#3901,0.187708545285);
#3901 = AXIS2_PLACEMENT_3D('',#3902,#3903,#3904);
#3902 = CARTESIAN_POINT('',(-3.599791488171,-0.499496071814,-5.E-02));
#3903 = DIRECTION('',(0.,0.,1.));
#3904 = DIRECTION('',(-0.999999821764,5.970522769968E-04,0.));
#3905 = ORIENTED_EDGE('',*,*,#3906,.T.);
#3906 = EDGE_CURVE('',#3898,#3907,#3909,.T.);
#3907 = VERTEX_POINT('',#3908);
#3908 = CARTESIAN_POINT('',(-3.495967,-0.655696,-5.E-02));
#3909 = LINE('',#3910,#3911);
#3910 = CARTESIAN_POINT('',(-3.56347,-0.683657,-5.E-02));
#3911 = VECTOR('',#3912,1.);
#3912 = DIRECTION('',(0.923877878088,0.382687426473,0.));
#3913 = ORIENTED_EDGE('',*,*,#3914,.T.);
#3914 = EDGE_CURVE('',#3907,#3915,#3917,.T.);
#3915 = VERTEX_POINT('',#3916);
#3916 = CARTESIAN_POINT('',(-3.4125,-0.499384,-5.E-02));
#3917 = CIRCLE('',#3918,0.188135047645);
#3918 = AXIS2_PLACEMENT_3D('',#3919,#3920,#3921);
#3919 = CARTESIAN_POINT('',(-3.600635046681,-0.499364953319,-5.E-02));
#3920 = DIRECTION('',(0.,0.,1.));
#3921 = DIRECTION('',(0.556345284896,-0.830951216362,0.));
#3922 = ORIENTED_EDGE('',*,*,#3923,.T.);
#3923 = EDGE_CURVE('',#3915,#3924,#3926,.T.);
#3924 = VERTEX_POINT('',#3925);
#3925 = CARTESIAN_POINT('',(-3.4125,0.499385,-5.E-02));
#3926 = LINE('',#3927,#3928);
#3927 = CARTESIAN_POINT('',(-3.4125,-0.499384,-5.E-02));
#3928 = VECTOR('',#3929,1.);
#3929 = DIRECTION('',(0.,1.,0.));
#3930 = ORIENTED_EDGE('',*,*,#3931,.T.);
#3931 = EDGE_CURVE('',#3924,#3932,#3934,.T.);
#3932 = VERTEX_POINT('',#3933);
#3933 = CARTESIAN_POINT('',(-3.7875,0.499385,-5.E-02));
#3934 = CIRCLE('',#3935,0.18750000057);
#3935 = AXIS2_PLACEMENT_3D('',#3936,#3937,#3938);
#3936 = CARTESIAN_POINT('',(-3.6,0.499370382306,-5.E-02));
#3937 = DIRECTION('',(0.,0.,1.));
#3938 = DIRECTION('',(0.999999996961,7.796103291935E-05,-0.));
#3939 = ORIENTED_EDGE('',*,*,#3940,.T.);
#3940 = EDGE_CURVE('',#3932,#3896,#3941,.T.);
#3941 = LINE('',#3942,#3943);
#3942 = CARTESIAN_POINT('',(-3.7875,0.499385,-5.E-02));
#3943 = VECTOR('',#3944,1.);
#3944 = DIRECTION('',(0.,-1.,0.));
#3945 = FACE_BOUND('',#3946,.T.);
#3946 = EDGE_LOOP('',(#3947,#3958,#3966,#3975,#3983,#3992));
#3947 = ORIENTED_EDGE('',*,*,#3948,.T.);
#3948 = EDGE_CURVE('',#3949,#3951,#3953,.T.);
#3949 = VERTEX_POINT('',#3950);
#3950 = CARTESIAN_POINT('',(1.25E-02,-0.499384,-5.E-02));
#3951 = VERTEX_POINT('',#3952);
#3952 = CARTESIAN_POINT('',(0.23653,-0.683657,-5.E-02));
#3953 = CIRCLE('',#3954,0.187708545285);
#3954 = AXIS2_PLACEMENT_3D('',#3955,#3956,#3957);
#3955 = CARTESIAN_POINT('',(0.200208511829,-0.499496071814,-5.E-02));
#3956 = DIRECTION('',(0.,0.,1.));
#3957 = DIRECTION('',(-0.999999821764,5.970522769974E-04,0.));
#3958 = ORIENTED_EDGE('',*,*,#3959,.T.);
#3959 = EDGE_CURVE('',#3951,#3960,#3962,.T.);
#3960 = VERTEX_POINT('',#3961);
#3961 = CARTESIAN_POINT('',(0.304033,-0.655696,-5.E-02));
#3962 = LINE('',#3963,#3964);
#3963 = CARTESIAN_POINT('',(0.23653,-0.683657,-5.E-02));
#3964 = VECTOR('',#3965,1.);
#3965 = DIRECTION('',(0.923877878088,0.382687426473,0.));
#3966 = ORIENTED_EDGE('',*,*,#3967,.T.);
#3967 = EDGE_CURVE('',#3960,#3968,#3970,.T.);
#3968 = VERTEX_POINT('',#3969);
#3969 = CARTESIAN_POINT('',(0.3875,-0.499384,-5.E-02));
#3970 = CIRCLE('',#3971,0.188135047645);
#3971 = AXIS2_PLACEMENT_3D('',#3972,#3973,#3974);
#3972 = CARTESIAN_POINT('',(0.199364953319,-0.499364953319,-5.E-02));
#3973 = DIRECTION('',(0.,0.,1.));
#3974 = DIRECTION('',(0.556345284896,-0.830951216362,0.));
#3975 = ORIENTED_EDGE('',*,*,#3976,.T.);
#3976 = EDGE_CURVE('',#3968,#3977,#3979,.T.);
#3977 = VERTEX_POINT('',#3978);
#3978 = CARTESIAN_POINT('',(0.3875,0.499385,-5.E-02));
#3979 = LINE('',#3980,#3981);
#3980 = CARTESIAN_POINT('',(0.3875,-0.499384,-5.E-02));
#3981 = VECTOR('',#3982,1.);
#3982 = DIRECTION('',(0.,1.,0.));
#3983 = ORIENTED_EDGE('',*,*,#3984,.T.);
#3984 = EDGE_CURVE('',#3977,#3985,#3987,.T.);
#3985 = VERTEX_POINT('',#3986);
#3986 = CARTESIAN_POINT('',(1.25E-02,0.499385,-5.E-02));
#3987 = CIRCLE('',#3988,0.18750000057);
#3988 = AXIS2_PLACEMENT_3D('',#3989,#3990,#3991);
#3989 = CARTESIAN_POINT('',(0.2,0.499370382306,-5.E-02));
#3990 = DIRECTION('',(0.,0.,1.));
#3991 = DIRECTION('',(0.999999996961,7.796103292231E-05,-0.));
#3992 = ORIENTED_EDGE('',*,*,#3993,.T.);
#3993 = EDGE_CURVE('',#3985,#3949,#3994,.T.);
#3994 = LINE('',#3995,#3996);
#3995 = CARTESIAN_POINT('',(1.25E-02,0.499385,-5.E-02));
#3996 = VECTOR('',#3997,1.);
#3997 = DIRECTION('',(0.,-1.,0.));
#3998 = FACE_BOUND('',#3999,.T.);
#3999 = EDGE_LOOP('',(#4000));
#4000 = ORIENTED_EDGE('',*,*,#4001,.T.);
#4001 = EDGE_CURVE('',#4002,#4002,#4004,.T.);
#4002 = VERTEX_POINT('',#4003);
#4003 = CARTESIAN_POINT('',(3.887392,0.,-5.E-02));
#4004 = CIRCLE('',#4005,0.287392);
#4005 = AXIS2_PLACEMENT_3D('',#4006,#4007,#4008);
#4006 = CARTESIAN_POINT('',(3.6,-0.,-5.E-02));
#4007 = DIRECTION('',(0.,0.,1.));
#4008 = DIRECTION('',(1.,0.,-0.));
#4009 = FACE_BOUND('',#4010,.T.);
#4010 = EDGE_LOOP('',(#4011));
#4011 = ORIENTED_EDGE('',*,*,#4012,.T.);
#4012 = EDGE_CURVE('',#4013,#4013,#4015,.T.);
#4013 = VERTEX_POINT('',#4014);
#4014 = CARTESIAN_POINT('',(-5.362608,1.725,-5.E-02));
#4015 = CIRCLE('',#4016,0.587392);
#4016 = AXIS2_PLACEMENT_3D('',#4017,#4018,#4019);
#4017 = CARTESIAN_POINT('',(-5.95,1.725,-5.E-02));
#4018 = DIRECTION('',(0.,0.,1.));
#4019 = DIRECTION('',(1.,0.,-0.));
#4020 = FACE_BOUND('',#4021,.T.);
#4021 = EDGE_LOOP('',(#4022,#4033,#4041,#4050,#4058,#4067));
#4022 = ORIENTED_EDGE('',*,*,#4023,.T.);
#4023 = EDGE_CURVE('',#4024,#4026,#4028,.T.);
#4024 = VERTEX_POINT('',#4025);
#4025 = CARTESIAN_POINT('',(3.4125,2.275616,-5.E-02));
#4026 = VERTEX_POINT('',#4027);
#4027 = CARTESIAN_POINT('',(3.63653,2.091343,-5.E-02));
#4028 = CIRCLE('',#4029,0.187708545285);
#4029 = AXIS2_PLACEMENT_3D('',#4030,#4031,#4032);
#4030 = CARTESIAN_POINT('',(3.600208511829,2.275503928186,-5.E-02));
#4031 = DIRECTION('',(0.,0.,1.));
#4032 = DIRECTION('',(-0.999999821764,5.970522769954E-04,0.));
#4033 = ORIENTED_EDGE('',*,*,#4034,.T.);
#4034 = EDGE_CURVE('',#4026,#4035,#4037,.T.);
#4035 = VERTEX_POINT('',#4036);
#4036 = CARTESIAN_POINT('',(3.704033,2.119304,-5.E-02));
#4037 = LINE('',#4038,#4039);
#4038 = CARTESIAN_POINT('',(3.63653,2.091343,-5.E-02));
#4039 = VECTOR('',#4040,1.);
#4040 = DIRECTION('',(0.923877878088,0.382687426473,0.));
#4041 = ORIENTED_EDGE('',*,*,#4042,.T.);
#4042 = EDGE_CURVE('',#4035,#4043,#4045,.T.);
#4043 = VERTEX_POINT('',#4044);
#4044 = CARTESIAN_POINT('',(3.7875,2.275616,-5.E-02));
#4045 = CIRCLE('',#4046,0.188135047645);
#4046 = AXIS2_PLACEMENT_3D('',#4047,#4048,#4049);
#4047 = CARTESIAN_POINT('',(3.599364953319,2.275635046681,-5.E-02));
#4048 = DIRECTION('',(0.,0.,1.));
#4049 = DIRECTION('',(0.556345284896,-0.830951216362,0.));
#4050 = ORIENTED_EDGE('',*,*,#4051,.T.);
#4051 = EDGE_CURVE('',#4043,#4052,#4054,.T.);
#4052 = VERTEX_POINT('',#4053);
#4053 = CARTESIAN_POINT('',(3.7875,3.274385,-5.E-02));
#4054 = LINE('',#4055,#4056);
#4055 = CARTESIAN_POINT('',(3.7875,2.275616,-5.E-02));
#4056 = VECTOR('',#4057,1.);
#4057 = DIRECTION('',(0.,1.,0.));
#4058 = ORIENTED_EDGE('',*,*,#4059,.T.);
#4059 = EDGE_CURVE('',#4052,#4060,#4062,.T.);
#4060 = VERTEX_POINT('',#4061);
#4061 = CARTESIAN_POINT('',(3.4125,3.274385,-5.E-02));
#4062 = CIRCLE('',#4063,0.18750000057);
#4063 = AXIS2_PLACEMENT_3D('',#4064,#4065,#4066);
#4064 = CARTESIAN_POINT('',(3.6,3.274370382306,-5.E-02));
#4065 = DIRECTION('',(0.,0.,1.));
#4066 = DIRECTION('',(0.999999996961,7.796103291935E-05,-0.));
#4067 = ORIENTED_EDGE('',*,*,#4068,.T.);
#4068 = EDGE_CURVE('',#4060,#4024,#4069,.T.);
#4069 = LINE('',#4070,#4071);
#4070 = CARTESIAN_POINT('',(3.4125,3.274385,-5.E-02));
#4071 = VECTOR('',#4072,1.);
#4072 = DIRECTION('',(0.,-1.,0.));
#4073 = FACE_BOUND('',#4074,.T.);
#4074 = EDGE_LOOP('',(#4075,#4086,#4094,#4103,#4111,#4120));
#4075 = ORIENTED_EDGE('',*,*,#4076,.T.);
#4076 = EDGE_CURVE('',#4077,#4079,#4081,.T.);
#4077 = VERTEX_POINT('',#4078);
#4078 = CARTESIAN_POINT('',(-6.399384,4.9625,-5.E-02));
#4079 = VERTEX_POINT('',#4080);
#4080 = CARTESIAN_POINT('',(-6.583657,4.738471,-5.E-02));
#4081 = CIRCLE('',#4082,0.18770723447);
#4082 = AXIS2_PLACEMENT_3D('',#4083,#4084,#4085);
#4083 = CARTESIAN_POINT('',(-6.399497469349,4.774792799827,-5.E-02));
#4084 = DIRECTION('',(0.,0.,1.));
#4085 = DIRECTION('',(6.045017362823E-04,0.999999817289,-0.));
#4086 = ORIENTED_EDGE('',*,*,#4087,.T.);
#4087 = EDGE_CURVE('',#4079,#4088,#4090,.T.);
#4088 = VERTEX_POINT('',#4089);
#4089 = CARTESIAN_POINT('',(-6.555697,4.670967,-5.E-02));
#4090 = LINE('',#4091,#4092);
#4091 = CARTESIAN_POINT('',(-6.583657,4.738471,-5.E-02));
#4092 = VECTOR('',#4093,1.);
#4093 = DIRECTION('',(0.382670905502,-0.923884721208,0.));
#4094 = ORIENTED_EDGE('',*,*,#4095,.T.);
#4095 = EDGE_CURVE('',#4088,#4096,#4098,.T.);
#4096 = VERTEX_POINT('',#4097);
#4097 = CARTESIAN_POINT('',(-6.399384,4.5875,-5.E-02));
#4098 = CIRCLE('',#4099,0.188135047292);
#4099 = AXIS2_PLACEMENT_3D('',#4100,#4101,#4102);
#4100 = CARTESIAN_POINT('',(-6.399365953573,4.775635046427,-5.E-02));
#4101 = DIRECTION('',(0.,0.,1.));
#4102 = DIRECTION('',(-0.830951216569,-0.556345284588,0.));
#4103 = ORIENTED_EDGE('',*,*,#4104,.T.);
#4104 = EDGE_CURVE('',#4096,#4105,#4107,.T.);
#4105 = VERTEX_POINT('',#4106);
#4106 = CARTESIAN_POINT('',(-5.400616,4.5875,-5.E-02));
#4107 = LINE('',#4108,#4109);
#4108 = CARTESIAN_POINT('',(-6.399384,4.5875,-5.E-02));
#4109 = VECTOR('',#4110,1.);
#4110 = DIRECTION('',(1.,0.,0.));
#4111 = ORIENTED_EDGE('',*,*,#4112,.T.);
#4112 = EDGE_CURVE('',#4105,#4113,#4115,.T.);
#4113 = VERTEX_POINT('',#4114);
#4114 = CARTESIAN_POINT('',(-5.400616,4.9625,-5.E-02));
#4115 = CIRCLE('',#4116,0.187500080691);
#4116 = AXIS2_PLACEMENT_3D('',#4117,#4118,#4119);
#4117 = CARTESIAN_POINT('',(-5.400442048902,4.775,-5.E-02));
#4118 = DIRECTION('',(0.,0.,1.));
#4119 = DIRECTION('',(-9.277387924004E-04,-0.99999956965,0.));
#4120 = ORIENTED_EDGE('',*,*,#4121,.T.);
#4121 = EDGE_CURVE('',#4113,#4077,#4122,.T.);
#4122 = LINE('',#4123,#4124);
#4123 = CARTESIAN_POINT('',(-5.400616,4.9625,-5.E-02));
#4124 = VECTOR('',#4125,1.);
#4125 = DIRECTION('',(-1.,0.,0.));
#4126 = FACE_BOUND('',#4127,.T.);
#4127 = EDGE_LOOP('',(#4128,#4139,#4147,#4156,#4164,#4173));
#4128 = ORIENTED_EDGE('',*,*,#4129,.T.);
#4129 = EDGE_CURVE('',#4130,#4132,#4134,.T.);
#4130 = VERTEX_POINT('',#4131);
#4131 = CARTESIAN_POINT('',(6.16E-04,4.9625,-5.E-02));
#4132 = VERTEX_POINT('',#4133);
#4133 = CARTESIAN_POINT('',(-0.183657,4.738471,-5.E-02));
#4134 = CIRCLE('',#4135,0.18770723447);
#4135 = AXIS2_PLACEMENT_3D('',#4136,#4137,#4138);
#4136 = CARTESIAN_POINT('',(5.025306508502E-04,4.774792799827,-5.E-02));
#4137 = DIRECTION('',(0.,0.,1.));
#4138 = DIRECTION('',(6.045017362838E-04,0.999999817289,-0.));
#4139 = ORIENTED_EDGE('',*,*,#4140,.T.);
#4140 = EDGE_CURVE('',#4132,#4141,#4143,.T.);
#4141 = VERTEX_POINT('',#4142);
#4142 = CARTESIAN_POINT('',(-0.155697,4.670967,-5.E-02));
#4143 = LINE('',#4144,#4145);
#4144 = CARTESIAN_POINT('',(-0.183657,4.738471,-5.E-02));
#4145 = VECTOR('',#4146,1.);
#4146 = DIRECTION('',(0.382670905502,-0.923884721208,0.));
#4147 = ORIENTED_EDGE('',*,*,#4148,.T.);
#4148 = EDGE_CURVE('',#4141,#4149,#4151,.T.);
#4149 = VERTEX_POINT('',#4150);
#4150 = CARTESIAN_POINT('',(6.16E-04,4.5875,-5.E-02));
#4151 = CIRCLE('',#4152,0.188135047292);
#4152 = AXIS2_PLACEMENT_3D('',#4153,#4154,#4155);
#4153 = CARTESIAN_POINT('',(6.340464267063E-04,4.775635046427,-5.E-02));
#4154 = DIRECTION('',(0.,0.,1.));
#4155 = DIRECTION('',(-0.830951216569,-0.556345284588,0.));
#4156 = ORIENTED_EDGE('',*,*,#4157,.T.);
#4157 = EDGE_CURVE('',#4149,#4158,#4160,.T.);
#4158 = VERTEX_POINT('',#4159);
#4159 = CARTESIAN_POINT('',(0.999384,4.5875,-5.E-02));
#4160 = LINE('',#4161,#4162);
#4161 = CARTESIAN_POINT('',(6.16E-04,4.5875,-5.E-02));
#4162 = VECTOR('',#4163,1.);
#4163 = DIRECTION('',(1.,0.,0.));
#4164 = ORIENTED_EDGE('',*,*,#4165,.T.);
#4165 = EDGE_CURVE('',#4158,#4166,#4168,.T.);
#4166 = VERTEX_POINT('',#4167);
#4167 = CARTESIAN_POINT('',(0.999384,4.9625,-5.E-02));
#4168 = CIRCLE('',#4169,0.187500080691);
#4169 = AXIS2_PLACEMENT_3D('',#4170,#4171,#4172);
#4170 = CARTESIAN_POINT('',(0.999557951098,4.775,-5.E-02));
#4171 = DIRECTION('',(0.,0.,1.));
#4172 = DIRECTION('',(-9.27738792401E-04,-0.99999956965,0.));
#4173 = ORIENTED_EDGE('',*,*,#4174,.T.);
#4174 = EDGE_CURVE('',#4166,#4130,#4175,.T.);
#4175 = LINE('',#4176,#4177);
#4176 = CARTESIAN_POINT('',(0.999384,4.9625,-5.E-02));
#4177 = VECTOR('',#4178,1.);
#4178 = DIRECTION('',(-1.,0.,0.));
#4179 = PLANE('',#4180);
#4180 = AXIS2_PLACEMENT_3D('',#4181,#4182,#4183);
#4181 = CARTESIAN_POINT('',(0.,0.,-5.E-02));
#4182 = DIRECTION('',(-0.,-0.,-1.));
#4183 = DIRECTION('',(-1.,0.,0.));
#4184 = ( GEOMETRIC_REPRESENTATION_CONTEXT(3) 
GLOBAL_UNCERTAINTY_ASSIGNED_CONTEXT((#4188)) 
GLOBAL_UNIT_ASSIGNED_CONTEXT((#4185,#4186,#4187)) REPRESENTATION_CONTEXT
('Context #1','3D Context with UNIT and UNCERTAINTY') );
#4185 = ( LENGTH_UNIT() NAMED_UNIT(*) SI_UNIT(.MILLI.,.METRE.) );
#4186 = ( NAMED_UNIT(*) PLANE_ANGLE_UNIT() SI_UNIT($,.RADIAN.) );
#4187 = ( NAMED_UNIT(*) SI_UNIT($,.STERADIAN.) SOLID_ANGLE_UNIT() );
#4188 = UNCERTAINTY_MEASURE_WITH_UNIT(LENGTH_MEASURE(1.E-07),#4185,
  'distance_accuracy_value','confusion accuracy');
#4189 = CONTEXT_DEPENDENT_SHAPE_REPRESENTATION(#4190,#4192);
#4190 = ( REPRESENTATION_RELATIONSHIP('','',#3614,#10) 
REPRESENTATION_RELATIONSHIP_WITH_TRANSFORMATION(#4191) 
SHAPE_REPRESENTATION_RELATIONSHIP() );
#4191 = ITEM_DEFINED_TRANSFORMATION('','',#11,#23);
#4192 = PRODUCT_DEFINITION_SHAPE('Placement','Placement of an item',
  #4193);
#4193 = NEXT_ASSEMBLY_USAGE_OCCURRENCE('16','=>[0:1:1:17]','',#5,#3609,$
  );
#4194 = PRODUCT_RELATED_PRODUCT_CATEGORY('part',$,(#3611));
#4195 = SHAPE_DEFINITION_REPRESENTATION(#4196,#4202);
#4196 = PRODUCT_DEFINITION_SHAPE('','',#4197);
#4197 = PRODUCT_DEFINITION('design','',#4198,#4201);
#4198 = PRODUCT_DEFINITION_FORMATION('','',#4199);
#4199 = PRODUCT('Power_in-unsaved-export-sek5Wk_PCB',
  'Power_in-unsaved-export-sek5Wk_PCB','',(#4200));
#4200 = PRODUCT_CONTEXT('',#2,'mechanical');
#4201 = PRODUCT_DEFINITION_CONTEXT('part definition',#2,'design');
#4202 = ADVANCED_BREP_SHAPE_REPRESENTATION('',(#11,#4203),#5590);
#4203 = MANIFOLD_SOLID_BREP('',#4204);
#4204 = CLOSED_SHELL('',(#4205,#4245,#4276,#4307,#4645,#4983,#4995,#5017
    ,#5034,#5051,#5063,#5080,#5102,#5119,#5136,#5148,#5170,#5187,#5204,
    #5216,#5233,#5255,#5272,#5289,#5301,#5323,#5340,#5357,#5369,#5391,
    #5408,#5425,#5437,#5454,#5476,#5493,#5510,#5522,#5544,#5561,#5578));
#4205 = ADVANCED_FACE('',(#4206),#4240,.T.);
#4206 = FACE_BOUND('',#4207,.T.);
#4207 = EDGE_LOOP('',(#4208,#4218,#4226,#4234));
#4208 = ORIENTED_EDGE('',*,*,#4209,.T.);
#4209 = EDGE_CURVE('',#4210,#4212,#4214,.T.);
#4210 = VERTEX_POINT('',#4211);
#4211 = CARTESIAN_POINT('',(8.5,-6.5,0.));
#4212 = VERTEX_POINT('',#4213);
#4213 = CARTESIAN_POINT('',(8.5,-6.5,1.51));
#4214 = LINE('',#4215,#4216);
#4215 = CARTESIAN_POINT('',(8.5,-6.5,0.));
#4216 = VECTOR('',#4217,1.);
#4217 = DIRECTION('',(0.,0.,1.));
#4218 = ORIENTED_EDGE('',*,*,#4219,.T.);
#4219 = EDGE_CURVE('',#4212,#4220,#4222,.T.);
#4220 = VERTEX_POINT('',#4221);
#4221 = CARTESIAN_POINT('',(-8.5,-6.5,1.51));
#4222 = LINE('',#4223,#4224);
#4223 = CARTESIAN_POINT('',(8.5,-6.5,1.51));
#4224 = VECTOR('',#4225,1.);
#4225 = DIRECTION('',(-1.,0.,0.));
#4226 = ORIENTED_EDGE('',*,*,#4227,.F.);
#4227 = EDGE_CURVE('',#4228,#4220,#4230,.T.);
#4228 = VERTEX_POINT('',#4229);
#4229 = CARTESIAN_POINT('',(-8.5,-6.5,0.));
#4230 = LINE('',#4231,#4232);
#4231 = CARTESIAN_POINT('',(-8.5,-6.5,0.));
#4232 = VECTOR('',#4233,1.);
#4233 = DIRECTION('',(0.,0.,1.));
#4234 = ORIENTED_EDGE('',*,*,#4235,.F.);
#4235 = EDGE_CURVE('',#4210,#4228,#4236,.T.);
#4236 = LINE('',#4237,#4238);
#4237 = CARTESIAN_POINT('',(8.5,-6.5,0.));
#4238 = VECTOR('',#4239,1.);
#4239 = DIRECTION('',(-1.,0.,0.));
#4240 = PLANE('',#4241);
#4241 = AXIS2_PLACEMENT_3D('',#4242,#4243,#4244);
#4242 = CARTESIAN_POINT('',(8.5,-6.5,0.));
#4243 = DIRECTION('',(0.,-1.,0.));
#4244 = DIRECTION('',(-1.,0.,0.));
#4245 = ADVANCED_FACE('',(#4246),#4271,.T.);
#4246 = FACE_BOUND('',#4247,.T.);
#4247 = EDGE_LOOP('',(#4248,#4258,#4264,#4265));
#4248 = ORIENTED_EDGE('',*,*,#4249,.T.);
#4249 = EDGE_CURVE('',#4250,#4252,#4254,.T.);
#4250 = VERTEX_POINT('',#4251);
#4251 = CARTESIAN_POINT('',(8.5,6.5,0.));
#4252 = VERTEX_POINT('',#4253);
#4253 = CARTESIAN_POINT('',(8.5,6.5,1.51));
#4254 = LINE('',#4255,#4256);
#4255 = CARTESIAN_POINT('',(8.5,6.5,0.));
#4256 = VECTOR('',#4257,1.);
#4257 = DIRECTION('',(0.,0.,1.));
#4258 = ORIENTED_EDGE('',*,*,#4259,.T.);
#4259 = EDGE_CURVE('',#4252,#4212,#4260,.T.);
#4260 = LINE('',#4261,#4262);
#4261 = CARTESIAN_POINT('',(8.5,6.5,1.51));
#4262 = VECTOR('',#4263,1.);
#4263 = DIRECTION('',(0.,-1.,0.));
#4264 = ORIENTED_EDGE('',*,*,#4209,.F.);
#4265 = ORIENTED_EDGE('',*,*,#4266,.F.);
#4266 = EDGE_CURVE('',#4250,#4210,#4267,.T.);
#4267 = LINE('',#4268,#4269);
#4268 = CARTESIAN_POINT('',(8.5,6.5,0.));
#4269 = VECTOR('',#4270,1.);
#4270 = DIRECTION('',(0.,-1.,0.));
#4271 = PLANE('',#4272);
#4272 = AXIS2_PLACEMENT_3D('',#4273,#4274,#4275);
#4273 = CARTESIAN_POINT('',(8.5,6.5,0.));
#4274 = DIRECTION('',(1.,0.,-0.));
#4275 = DIRECTION('',(0.,-1.,0.));
#4276 = ADVANCED_FACE('',(#4277),#4302,.T.);
#4277 = FACE_BOUND('',#4278,.T.);
#4278 = EDGE_LOOP('',(#4279,#4280,#4288,#4296));
#4279 = ORIENTED_EDGE('',*,*,#4227,.T.);
#4280 = ORIENTED_EDGE('',*,*,#4281,.T.);
#4281 = EDGE_CURVE('',#4220,#4282,#4284,.T.);
#4282 = VERTEX_POINT('',#4283);
#4283 = CARTESIAN_POINT('',(-8.5,6.5,1.51));
#4284 = LINE('',#4285,#4286);
#4285 = CARTESIAN_POINT('',(-8.5,-6.5,1.51));
#4286 = VECTOR('',#4287,1.);
#4287 = DIRECTION('',(0.,1.,0.));
#4288 = ORIENTED_EDGE('',*,*,#4289,.F.);
#4289 = EDGE_CURVE('',#4290,#4282,#4292,.T.);
#4290 = VERTEX_POINT('',#4291);
#4291 = CARTESIAN_POINT('',(-8.5,6.5,0.));
#4292 = LINE('',#4293,#4294);
#4293 = CARTESIAN_POINT('',(-8.5,6.5,0.));
#4294 = VECTOR('',#4295,1.);
#4295 = DIRECTION('',(0.,0.,1.));
#4296 = ORIENTED_EDGE('',*,*,#4297,.F.);
#4297 = EDGE_CURVE('',#4228,#4290,#4298,.T.);
#4298 = LINE('',#4299,#4300);
#4299 = CARTESIAN_POINT('',(-8.5,-6.5,0.));
#4300 = VECTOR('',#4301,1.);
#4301 = DIRECTION('',(0.,1.,0.));
#4302 = PLANE('',#4303);
#4303 = AXIS2_PLACEMENT_3D('',#4304,#4305,#4306);
#4304 = CARTESIAN_POINT('',(-8.5,-6.5,0.));
#4305 = DIRECTION('',(-1.,0.,0.));
#4306 = DIRECTION('',(0.,1.,0.));
#4307 = ADVANCED_FACE('',(#4308,#4319,#4355,#4366,#4402,#4438,#4449,
    #4485,#4521,#4557,#4568,#4604),#4640,.F.);
#4308 = FACE_BOUND('',#4309,.F.);
#4309 = EDGE_LOOP('',(#4310,#4311,#4312,#4318));
#4310 = ORIENTED_EDGE('',*,*,#4235,.F.);
#4311 = ORIENTED_EDGE('',*,*,#4266,.F.);
#4312 = ORIENTED_EDGE('',*,*,#4313,.F.);
#4313 = EDGE_CURVE('',#4290,#4250,#4314,.T.);
#4314 = LINE('',#4315,#4316);
#4315 = CARTESIAN_POINT('',(-8.5,6.5,0.));
#4316 = VECTOR('',#4317,1.);
#4317 = DIRECTION('',(1.,0.,0.));
#4318 = ORIENTED_EDGE('',*,*,#4297,.F.);
#4319 = FACE_BOUND('',#4320,.F.);
#4320 = EDGE_LOOP('',(#4321,#4332,#4340,#4349));
#4321 = ORIENTED_EDGE('',*,*,#4322,.T.);
#4322 = EDGE_CURVE('',#4323,#4325,#4327,.T.);
#4323 = VERTEX_POINT('',#4324);
#4324 = CARTESIAN_POINT('',(-6.4,-4.975,0.));
#4325 = VERTEX_POINT('',#4326);
#4326 = CARTESIAN_POINT('',(-6.4,-4.575,0.));
#4327 = CIRCLE('',#4328,0.2);
#4328 = AXIS2_PLACEMENT_3D('',#4329,#4330,#4331);
#4329 = CARTESIAN_POINT('',(-6.4,-4.775,0.));
#4330 = DIRECTION('',(-0.,0.,-1.));
#4331 = DIRECTION('',(0.,1.,0.));
#4332 = ORIENTED_EDGE('',*,*,#4333,.T.);
#4333 = EDGE_CURVE('',#4325,#4334,#4336,.T.);
#4334 = VERTEX_POINT('',#4335);
#4335 = CARTESIAN_POINT('',(-5.4,-4.575,0.));
#4336 = LINE('',#4337,#4338);
#4337 = CARTESIAN_POINT('',(-2.7,-4.575,0.));
#4338 = VECTOR('',#4339,1.);
#4339 = DIRECTION('',(1.,0.,-0.));
#4340 = ORIENTED_EDGE('',*,*,#4341,.T.);
#4341 = EDGE_CURVE('',#4334,#4342,#4344,.T.);
#4342 = VERTEX_POINT('',#4343);
#4343 = CARTESIAN_POINT('',(-5.4,-4.975,0.));
#4344 = CIRCLE('',#4345,0.2);
#4345 = AXIS2_PLACEMENT_3D('',#4346,#4347,#4348);
#4346 = CARTESIAN_POINT('',(-5.4,-4.775,0.));
#4347 = DIRECTION('',(-0.,0.,-1.));
#4348 = DIRECTION('',(-0.,-1.,0.));
#4349 = ORIENTED_EDGE('',*,*,#4350,.T.);
#4350 = EDGE_CURVE('',#4342,#4323,#4351,.T.);
#4351 = LINE('',#4352,#4353);
#4352 = CARTESIAN_POINT('',(-3.2,-4.975,0.));
#4353 = VECTOR('',#4354,1.);
#4354 = DIRECTION('',(-1.,0.,0.));
#4355 = FACE_BOUND('',#4356,.F.);
#4356 = EDGE_LOOP('',(#4357));
#4357 = ORIENTED_EDGE('',*,*,#4358,.T.);
#4358 = EDGE_CURVE('',#4359,#4359,#4361,.T.);
#4359 = VERTEX_POINT('',#4360);
#4360 = CARTESIAN_POINT('',(-5.95,-2.325,0.));
#4361 = CIRCLE('',#4362,0.6);
#4362 = AXIS2_PLACEMENT_3D('',#4363,#4364,#4365);
#4363 = CARTESIAN_POINT('',(-5.95,-1.725,0.));
#4364 = DIRECTION('',(-0.,0.,-1.));
#4365 = DIRECTION('',(-1.480297366167E-15,-1.,0.));
#4366 = FACE_BOUND('',#4367,.F.);
#4367 = EDGE_LOOP('',(#4368,#4379,#4387,#4396));
#4368 = ORIENTED_EDGE('',*,*,#4369,.T.);
#4369 = EDGE_CURVE('',#4370,#4372,#4374,.T.);
#4370 = VERTEX_POINT('',#4371);
#4371 = CARTESIAN_POINT('',(-1.640980751517E-17,-4.975,0.));
#4372 = VERTEX_POINT('',#4373);
#4373 = CARTESIAN_POINT('',(-6.902532920684E-31,-4.575,0.));
#4374 = CIRCLE('',#4375,0.2);
#4375 = AXIS2_PLACEMENT_3D('',#4376,#4377,#4378);
#4376 = CARTESIAN_POINT('',(-4.926614671774E-16,-4.775,0.));
#4377 = DIRECTION('',(0.,-0.,-1.));
#4378 = DIRECTION('',(2.463307335887E-15,1.,-0.));
#4379 = ORIENTED_EDGE('',*,*,#4380,.T.);
#4380 = EDGE_CURVE('',#4372,#4381,#4383,.T.);
#4381 = VERTEX_POINT('',#4382);
#4382 = CARTESIAN_POINT('',(1.,-4.575,0.));
#4383 = LINE('',#4384,#4385);
#4384 = CARTESIAN_POINT('',(0.5,-4.575,0.));
#4385 = VECTOR('',#4386,1.);
#4386 = DIRECTION('',(1.,0.,-0.));
#4387 = ORIENTED_EDGE('',*,*,#4388,.T.);
#4388 = EDGE_CURVE('',#4381,#4389,#4391,.T.);
#4389 = VERTEX_POINT('',#4390);
#4390 = CARTESIAN_POINT('',(1.,-4.975,0.));
#4391 = CIRCLE('',#4392,0.2);
#4392 = AXIS2_PLACEMENT_3D('',#4393,#4394,#4395);
#4393 = CARTESIAN_POINT('',(1.,-4.775,0.));
#4394 = DIRECTION('',(-0.,0.,-1.));
#4395 = DIRECTION('',(-2.22044604925E-15,-1.,0.));
#4396 = ORIENTED_EDGE('',*,*,#4397,.T.);
#4397 = EDGE_CURVE('',#4389,#4370,#4398,.T.);
#4398 = LINE('',#4399,#4400);
#4399 = CARTESIAN_POINT('',(0.,-4.975,0.));
#4400 = VECTOR('',#4401,1.);
#4401 = DIRECTION('',(-1.,0.,0.));
#4402 = FACE_BOUND('',#4403,.F.);
#4403 = EDGE_LOOP('',(#4404,#4415,#4423,#4432));
#4404 = ORIENTED_EDGE('',*,*,#4405,.T.);
#4405 = EDGE_CURVE('',#4406,#4408,#4410,.T.);
#4406 = VERTEX_POINT('',#4407);
#4407 = CARTESIAN_POINT('',(3.8,-3.275,0.));
#4408 = VERTEX_POINT('',#4409);
#4409 = CARTESIAN_POINT('',(3.4,-3.275,0.));
#4410 = CIRCLE('',#4411,0.2);
#4411 = AXIS2_PLACEMENT_3D('',#4412,#4413,#4414);
#4412 = CARTESIAN_POINT('',(3.6,-3.275,0.));
#4413 = DIRECTION('',(-0.,0.,-1.));
#4414 = DIRECTION('',(-1.,0.,0.));
#4415 = ORIENTED_EDGE('',*,*,#4416,.T.);
#4416 = EDGE_CURVE('',#4408,#4417,#4419,.T.);
#4417 = VERTEX_POINT('',#4418);
#4418 = CARTESIAN_POINT('',(3.4,-2.275,0.));
#4419 = LINE('',#4420,#4421);
#4420 = CARTESIAN_POINT('',(3.4,-1.1375,0.));
#4421 = VECTOR('',#4422,1.);
#4422 = DIRECTION('',(-0.,1.,0.));
#4423 = ORIENTED_EDGE('',*,*,#4424,.T.);
#4424 = EDGE_CURVE('',#4417,#4425,#4427,.T.);
#4425 = VERTEX_POINT('',#4426);
#4426 = CARTESIAN_POINT('',(3.8,-2.275,0.));
#4427 = CIRCLE('',#4428,0.2);
#4428 = AXIS2_PLACEMENT_3D('',#4429,#4430,#4431);
#4429 = CARTESIAN_POINT('',(3.6,-2.275,0.));
#4430 = DIRECTION('',(0.,-0.,-1.));
#4431 = DIRECTION('',(1.,0.,-0.));
#4432 = ORIENTED_EDGE('',*,*,#4433,.T.);
#4433 = EDGE_CURVE('',#4425,#4406,#4434,.T.);
#4434 = LINE('',#4435,#4436);
#4435 = CARTESIAN_POINT('',(3.8,-1.6375,0.));
#4436 = VECTOR('',#4437,1.);
#4437 = DIRECTION('',(0.,-1.,0.));
#4438 = FACE_BOUND('',#4439,.F.);
#4439 = EDGE_LOOP('',(#4440));
#4440 = ORIENTED_EDGE('',*,*,#4441,.T.);
#4441 = EDGE_CURVE('',#4442,#4442,#4444,.T.);
#4442 = VERTEX_POINT('',#4443);
#4443 = CARTESIAN_POINT('',(-5.95,1.125,0.));
#4444 = CIRCLE('',#4445,0.6);
#4445 = AXIS2_PLACEMENT_3D('',#4446,#4447,#4448);
#4446 = CARTESIAN_POINT('',(-5.95,1.725,0.));
#4447 = DIRECTION('',(-0.,0.,-1.));
#4448 = DIRECTION('',(-1.480297366167E-15,-1.,0.));
#4449 = FACE_BOUND('',#4450,.F.);
#4450 = EDGE_LOOP('',(#4451,#4462,#4470,#4479));
#4451 = ORIENTED_EDGE('',*,*,#4452,.T.);
#4452 = EDGE_CURVE('',#4453,#4455,#4457,.T.);
#4453 = VERTEX_POINT('',#4454);
#4454 = CARTESIAN_POINT('',(-3.4,-0.5,0.));
#4455 = VERTEX_POINT('',#4456);
#4456 = CARTESIAN_POINT('',(-3.8,-0.5,0.));
#4457 = CIRCLE('',#4458,0.2);
#4458 = AXIS2_PLACEMENT_3D('',#4459,#4460,#4461);
#4459 = CARTESIAN_POINT('',(-3.6,-0.5,0.));
#4460 = DIRECTION('',(-0.,0.,-1.));
#4461 = DIRECTION('',(-1.,-5.551115123126E-16,0.));
#4462 = ORIENTED_EDGE('',*,*,#4463,.T.);
#4463 = EDGE_CURVE('',#4455,#4464,#4466,.T.);
#4464 = VERTEX_POINT('',#4465);
#4465 = CARTESIAN_POINT('',(-3.8,0.5,0.));
#4466 = LINE('',#4467,#4468);
#4467 = CARTESIAN_POINT('',(-3.8,0.25,0.));
#4468 = VECTOR('',#4469,1.);
#4469 = DIRECTION('',(-0.,1.,0.));
#4470 = ORIENTED_EDGE('',*,*,#4471,.T.);
#4471 = EDGE_CURVE('',#4464,#4472,#4474,.T.);
#4472 = VERTEX_POINT('',#4473);
#4473 = CARTESIAN_POINT('',(-3.4,0.5,0.));
#4474 = CIRCLE('',#4475,0.2);
#4475 = AXIS2_PLACEMENT_3D('',#4476,#4477,#4478);
#4476 = CARTESIAN_POINT('',(-3.6,0.5,0.));
#4477 = DIRECTION('',(0.,-0.,-1.));
#4478 = DIRECTION('',(1.,5.551115123126E-16,-0.));
#4479 = ORIENTED_EDGE('',*,*,#4480,.T.);
#4480 = EDGE_CURVE('',#4472,#4453,#4481,.T.);
#4481 = LINE('',#4482,#4483);
#4482 = CARTESIAN_POINT('',(-3.4,-0.25,0.));
#4483 = VECTOR('',#4484,1.);
#4484 = DIRECTION('',(0.,-1.,0.));
#4485 = FACE_BOUND('',#4486,.F.);
#4486 = EDGE_LOOP('',(#4487,#4498,#4506,#4515));
#4487 = ORIENTED_EDGE('',*,*,#4488,.T.);
#4488 = EDGE_CURVE('',#4489,#4491,#4493,.T.);
#4489 = VERTEX_POINT('',#4490);
#4490 = CARTESIAN_POINT('',(-6.4,4.575,0.));
#4491 = VERTEX_POINT('',#4492);
#4492 = CARTESIAN_POINT('',(-6.4,4.975,0.));
#4493 = CIRCLE('',#4494,0.2);
#4494 = AXIS2_PLACEMENT_3D('',#4495,#4496,#4497);
#4495 = CARTESIAN_POINT('',(-6.4,4.775,0.));
#4496 = DIRECTION('',(-0.,0.,-1.));
#4497 = DIRECTION('',(0.,1.,0.));
#4498 = ORIENTED_EDGE('',*,*,#4499,.T.);
#4499 = EDGE_CURVE('',#4491,#4500,#4502,.T.);
#4500 = VERTEX_POINT('',#4501);
#4501 = CARTESIAN_POINT('',(-5.4,4.975,0.));
#4502 = LINE('',#4503,#4504);
#4503 = CARTESIAN_POINT('',(-2.7,4.975,0.));
#4504 = VECTOR('',#4505,1.);
#4505 = DIRECTION('',(1.,0.,-0.));
#4506 = ORIENTED_EDGE('',*,*,#4507,.T.);
#4507 = EDGE_CURVE('',#4500,#4508,#4510,.T.);
#4508 = VERTEX_POINT('',#4509);
#4509 = CARTESIAN_POINT('',(-5.4,4.575,0.));
#4510 = CIRCLE('',#4511,0.2);
#4511 = AXIS2_PLACEMENT_3D('',#4512,#4513,#4514);
#4512 = CARTESIAN_POINT('',(-5.4,4.775,0.));
#4513 = DIRECTION('',(-0.,0.,-1.));
#4514 = DIRECTION('',(-0.,-1.,0.));
#4515 = ORIENTED_EDGE('',*,*,#4516,.T.);
#4516 = EDGE_CURVE('',#4508,#4489,#4517,.T.);
#4517 = LINE('',#4518,#4519);
#4518 = CARTESIAN_POINT('',(-3.2,4.575,0.));
#4519 = VECTOR('',#4520,1.);
#4520 = DIRECTION('',(-1.,0.,0.));
#4521 = FACE_BOUND('',#4522,.F.);
#4522 = EDGE_LOOP('',(#4523,#4534,#4542,#4551));
#4523 = ORIENTED_EDGE('',*,*,#4524,.T.);
#4524 = EDGE_CURVE('',#4525,#4527,#4529,.T.);
#4525 = VERTEX_POINT('',#4526);
#4526 = CARTESIAN_POINT('',(0.4,-0.5,0.));
#4527 = VERTEX_POINT('',#4528);
#4528 = CARTESIAN_POINT('',(1.387778780781E-17,-0.5,0.));
#4529 = CIRCLE('',#4530,0.2);
#4530 = AXIS2_PLACEMENT_3D('',#4531,#4532,#4533);
#4531 = CARTESIAN_POINT('',(0.2,-0.5,0.));
#4532 = DIRECTION('',(-0.,0.,-1.));
#4533 = DIRECTION('',(-1.,-5.551115123126E-16,0.));
#4534 = ORIENTED_EDGE('',*,*,#4535,.T.);
#4535 = EDGE_CURVE('',#4527,#4536,#4538,.T.);
#4536 = VERTEX_POINT('',#4537);
#4537 = CARTESIAN_POINT('',(-1.387778780781E-17,0.5,0.));
#4538 = LINE('',#4539,#4540);
#4539 = CARTESIAN_POINT('',(0.,0.25,0.));
#4540 = VECTOR('',#4541,1.);
#4541 = DIRECTION('',(-0.,1.,0.));
#4542 = ORIENTED_EDGE('',*,*,#4543,.T.);
#4543 = EDGE_CURVE('',#4536,#4544,#4546,.T.);
#4544 = VERTEX_POINT('',#4545);
#4545 = CARTESIAN_POINT('',(0.4,0.5,0.));
#4546 = CIRCLE('',#4547,0.2);
#4547 = AXIS2_PLACEMENT_3D('',#4548,#4549,#4550);
#4548 = CARTESIAN_POINT('',(0.2,0.5,0.));
#4549 = DIRECTION('',(0.,-0.,-1.));
#4550 = DIRECTION('',(1.,5.551115123126E-16,-0.));
#4551 = ORIENTED_EDGE('',*,*,#4552,.T.);
#4552 = EDGE_CURVE('',#4544,#4525,#4553,.T.);
#4553 = LINE('',#4554,#4555);
#4554 = CARTESIAN_POINT('',(0.4,-0.25,0.));
#4555 = VECTOR('',#4556,1.);
#4556 = DIRECTION('',(0.,-1.,0.));
#4557 = FACE_BOUND('',#4558,.F.);
#4558 = EDGE_LOOP('',(#4559));
#4559 = ORIENTED_EDGE('',*,*,#4560,.T.);
#4560 = EDGE_CURVE('',#4561,#4561,#4563,.T.);
#4561 = VERTEX_POINT('',#4562);
#4562 = CARTESIAN_POINT('',(3.6,-0.3,0.));
#4563 = CIRCLE('',#4564,0.3);
#4564 = AXIS2_PLACEMENT_3D('',#4565,#4566,#4567);
#4565 = CARTESIAN_POINT('',(3.6,2.914335439641E-16,0.));
#4566 = DIRECTION('',(-0.,0.,-1.));
#4567 = DIRECTION('',(1.480297366167E-15,-1.,-0.));
#4568 = FACE_BOUND('',#4569,.F.);
#4569 = EDGE_LOOP('',(#4570,#4581,#4589,#4598));
#4570 = ORIENTED_EDGE('',*,*,#4571,.T.);
#4571 = EDGE_CURVE('',#4572,#4574,#4576,.T.);
#4572 = VERTEX_POINT('',#4573);
#4573 = CARTESIAN_POINT('',(-1.640980426672E-17,4.575,0.));
#4574 = VERTEX_POINT('',#4575);
#4575 = CARTESIAN_POINT('',(0.,4.975,0.));
#4576 = CIRCLE('',#4577,0.2);
#4577 = AXIS2_PLACEMENT_3D('',#4578,#4579,#4580);
#4578 = CARTESIAN_POINT('',(-4.926614671774E-16,4.775,0.));
#4579 = DIRECTION('',(0.,-0.,-1.));
#4580 = DIRECTION('',(2.463307335887E-15,1.,-0.));
#4581 = ORIENTED_EDGE('',*,*,#4582,.T.);
#4582 = EDGE_CURVE('',#4574,#4583,#4585,.T.);
#4583 = VERTEX_POINT('',#4584);
#4584 = CARTESIAN_POINT('',(1.,4.975,0.));
#4585 = LINE('',#4586,#4587);
#4586 = CARTESIAN_POINT('',(0.5,4.975,0.));
#4587 = VECTOR('',#4588,1.);
#4588 = DIRECTION('',(1.,0.,-0.));
#4589 = ORIENTED_EDGE('',*,*,#4590,.T.);
#4590 = EDGE_CURVE('',#4583,#4591,#4593,.T.);
#4591 = VERTEX_POINT('',#4592);
#4592 = CARTESIAN_POINT('',(1.,4.575,0.));
#4593 = CIRCLE('',#4594,0.2);
#4594 = AXIS2_PLACEMENT_3D('',#4595,#4596,#4597);
#4595 = CARTESIAN_POINT('',(1.,4.775,0.));
#4596 = DIRECTION('',(-0.,0.,-1.));
#4597 = DIRECTION('',(-2.22044604925E-15,-1.,0.));
#4598 = ORIENTED_EDGE('',*,*,#4599,.T.);
#4599 = EDGE_CURVE('',#4591,#4572,#4600,.T.);
#4600 = LINE('',#4601,#4602);
#4601 = CARTESIAN_POINT('',(0.,4.575,0.));
#4602 = VECTOR('',#4603,1.);
#4603 = DIRECTION('',(-1.,0.,0.));
#4604 = FACE_BOUND('',#4605,.F.);
#4605 = EDGE_LOOP('',(#4606,#4617,#4625,#4634));
#4606 = ORIENTED_EDGE('',*,*,#4607,.T.);
#4607 = EDGE_CURVE('',#4608,#4610,#4612,.T.);
#4608 = VERTEX_POINT('',#4609);
#4609 = CARTESIAN_POINT('',(3.8,2.275,0.));
#4610 = VERTEX_POINT('',#4611);
#4611 = CARTESIAN_POINT('',(3.4,2.275,0.));
#4612 = CIRCLE('',#4613,0.2);
#4613 = AXIS2_PLACEMENT_3D('',#4614,#4615,#4616);
#4614 = CARTESIAN_POINT('',(3.6,2.275,0.));
#4615 = DIRECTION('',(-0.,0.,-1.));
#4616 = DIRECTION('',(-1.,0.,0.));
#4617 = ORIENTED_EDGE('',*,*,#4618,.T.);
#4618 = EDGE_CURVE('',#4610,#4619,#4621,.T.);
#4619 = VERTEX_POINT('',#4620);
#4620 = CARTESIAN_POINT('',(3.4,3.275,0.));
#4621 = LINE('',#4622,#4623);
#4622 = CARTESIAN_POINT('',(3.4,1.6375,0.));
#4623 = VECTOR('',#4624,1.);
#4624 = DIRECTION('',(-0.,1.,0.));
#4625 = ORIENTED_EDGE('',*,*,#4626,.T.);
#4626 = EDGE_CURVE('',#4619,#4627,#4629,.T.);
#4627 = VERTEX_POINT('',#4628);
#4628 = CARTESIAN_POINT('',(3.8,3.275,0.));
#4629 = CIRCLE('',#4630,0.2);
#4630 = AXIS2_PLACEMENT_3D('',#4631,#4632,#4633);
#4631 = CARTESIAN_POINT('',(3.6,3.275,0.));
#4632 = DIRECTION('',(0.,-0.,-1.));
#4633 = DIRECTION('',(1.,0.,-0.));
#4634 = ORIENTED_EDGE('',*,*,#4635,.T.);
#4635 = EDGE_CURVE('',#4627,#4608,#4636,.T.);
#4636 = LINE('',#4637,#4638);
#4637 = CARTESIAN_POINT('',(3.8,1.1375,0.));
#4638 = VECTOR('',#4639,1.);
#4639 = DIRECTION('',(0.,-1.,0.));
#4640 = PLANE('',#4641);
#4641 = AXIS2_PLACEMENT_3D('',#4642,#4643,#4644);
#4642 = CARTESIAN_POINT('',(0.,0.,0.));
#4643 = DIRECTION('',(0.,0.,1.));
#4644 = DIRECTION('',(1.,0.,-0.));
#4645 = ADVANCED_FACE('',(#4646,#4657,#4693,#4704,#4740,#4776,#4787,
    #4823,#4859,#4895,#4906,#4942),#4978,.T.);
#4646 = FACE_BOUND('',#4647,.T.);
#4647 = EDGE_LOOP('',(#4648,#4649,#4650,#4656));
#4648 = ORIENTED_EDGE('',*,*,#4219,.F.);
#4649 = ORIENTED_EDGE('',*,*,#4259,.F.);
#4650 = ORIENTED_EDGE('',*,*,#4651,.F.);
#4651 = EDGE_CURVE('',#4282,#4252,#4652,.T.);
#4652 = LINE('',#4653,#4654);
#4653 = CARTESIAN_POINT('',(-8.5,6.5,1.51));
#4654 = VECTOR('',#4655,1.);
#4655 = DIRECTION('',(1.,0.,0.));
#4656 = ORIENTED_EDGE('',*,*,#4281,.F.);
#4657 = FACE_BOUND('',#4658,.T.);
#4658 = EDGE_LOOP('',(#4659,#4670,#4678,#4687));
#4659 = ORIENTED_EDGE('',*,*,#4660,.T.);
#4660 = EDGE_CURVE('',#4661,#4663,#4665,.T.);
#4661 = VERTEX_POINT('',#4662);
#4662 = CARTESIAN_POINT('',(-6.4,-4.975,1.51));
#4663 = VERTEX_POINT('',#4664);
#4664 = CARTESIAN_POINT('',(-6.4,-4.575,1.51));
#4665 = CIRCLE('',#4666,0.2);
#4666 = AXIS2_PLACEMENT_3D('',#4667,#4668,#4669);
#4667 = CARTESIAN_POINT('',(-6.4,-4.775,1.51));
#4668 = DIRECTION('',(-0.,0.,-1.));
#4669 = DIRECTION('',(0.,1.,0.));
#4670 = ORIENTED_EDGE('',*,*,#4671,.T.);
#4671 = EDGE_CURVE('',#4663,#4672,#4674,.T.);
#4672 = VERTEX_POINT('',#4673);
#4673 = CARTESIAN_POINT('',(-5.4,-4.575,1.51));
#4674 = LINE('',#4675,#4676);
#4675 = CARTESIAN_POINT('',(-2.7,-4.575,1.51));
#4676 = VECTOR('',#4677,1.);
#4677 = DIRECTION('',(1.,0.,-0.));
#4678 = ORIENTED_EDGE('',*,*,#4679,.T.);
#4679 = EDGE_CURVE('',#4672,#4680,#4682,.T.);
#4680 = VERTEX_POINT('',#4681);
#4681 = CARTESIAN_POINT('',(-5.4,-4.975,1.51));
#4682 = CIRCLE('',#4683,0.2);
#4683 = AXIS2_PLACEMENT_3D('',#4684,#4685,#4686);
#4684 = CARTESIAN_POINT('',(-5.4,-4.775,1.51));
#4685 = DIRECTION('',(-0.,0.,-1.));
#4686 = DIRECTION('',(-0.,-1.,0.));
#4687 = ORIENTED_EDGE('',*,*,#4688,.T.);
#4688 = EDGE_CURVE('',#4680,#4661,#4689,.T.);
#4689 = LINE('',#4690,#4691);
#4690 = CARTESIAN_POINT('',(-3.2,-4.975,1.51));
#4691 = VECTOR('',#4692,1.);
#4692 = DIRECTION('',(-1.,0.,0.));
#4693 = FACE_BOUND('',#4694,.T.);
#4694 = EDGE_LOOP('',(#4695));
#4695 = ORIENTED_EDGE('',*,*,#4696,.T.);
#4696 = EDGE_CURVE('',#4697,#4697,#4699,.T.);
#4697 = VERTEX_POINT('',#4698);
#4698 = CARTESIAN_POINT('',(-5.95,-2.325,1.51));
#4699 = CIRCLE('',#4700,0.6);
#4700 = AXIS2_PLACEMENT_3D('',#4701,#4702,#4703);
#4701 = CARTESIAN_POINT('',(-5.95,-1.725,1.51));
#4702 = DIRECTION('',(-0.,0.,-1.));
#4703 = DIRECTION('',(-1.480297366167E-15,-1.,0.));
#4704 = FACE_BOUND('',#4705,.T.);
#4705 = EDGE_LOOP('',(#4706,#4717,#4725,#4734));
#4706 = ORIENTED_EDGE('',*,*,#4707,.T.);
#4707 = EDGE_CURVE('',#4708,#4710,#4712,.T.);
#4708 = VERTEX_POINT('',#4709);
#4709 = CARTESIAN_POINT('',(-1.640980751517E-17,-4.975,1.51));
#4710 = VERTEX_POINT('',#4711);
#4711 = CARTESIAN_POINT('',(-6.902532920684E-31,-4.575,1.51));
#4712 = CIRCLE('',#4713,0.2);
#4713 = AXIS2_PLACEMENT_3D('',#4714,#4715,#4716);
#4714 = CARTESIAN_POINT('',(-4.926614671774E-16,-4.775,1.51));
#4715 = DIRECTION('',(0.,-0.,-1.));
#4716 = DIRECTION('',(2.463307335887E-15,1.,-0.));
#4717 = ORIENTED_EDGE('',*,*,#4718,.T.);
#4718 = EDGE_CURVE('',#4710,#4719,#4721,.T.);
#4719 = VERTEX_POINT('',#4720);
#4720 = CARTESIAN_POINT('',(1.,-4.575,1.51));
#4721 = LINE('',#4722,#4723);
#4722 = CARTESIAN_POINT('',(0.5,-4.575,1.51));
#4723 = VECTOR('',#4724,1.);
#4724 = DIRECTION('',(1.,0.,-0.));
#4725 = ORIENTED_EDGE('',*,*,#4726,.T.);
#4726 = EDGE_CURVE('',#4719,#4727,#4729,.T.);
#4727 = VERTEX_POINT('',#4728);
#4728 = CARTESIAN_POINT('',(1.,-4.975,1.51));
#4729 = CIRCLE('',#4730,0.2);
#4730 = AXIS2_PLACEMENT_3D('',#4731,#4732,#4733);
#4731 = CARTESIAN_POINT('',(1.,-4.775,1.51));
#4732 = DIRECTION('',(-0.,0.,-1.));
#4733 = DIRECTION('',(-2.22044604925E-15,-1.,0.));
#4734 = ORIENTED_EDGE('',*,*,#4735,.T.);
#4735 = EDGE_CURVE('',#4727,#4708,#4736,.T.);
#4736 = LINE('',#4737,#4738);
#4737 = CARTESIAN_POINT('',(0.,-4.975,1.51));
#4738 = VECTOR('',#4739,1.);
#4739 = DIRECTION('',(-1.,0.,0.));
#4740 = FACE_BOUND('',#4741,.T.);
#4741 = EDGE_LOOP('',(#4742,#4753,#4761,#4770));
#4742 = ORIENTED_EDGE('',*,*,#4743,.T.);
#4743 = EDGE_CURVE('',#4744,#4746,#4748,.T.);
#4744 = VERTEX_POINT('',#4745);
#4745 = CARTESIAN_POINT('',(3.8,-3.275,1.51));
#4746 = VERTEX_POINT('',#4747);
#4747 = CARTESIAN_POINT('',(3.4,-3.275,1.51));
#4748 = CIRCLE('',#4749,0.2);
#4749 = AXIS2_PLACEMENT_3D('',#4750,#4751,#4752);
#4750 = CARTESIAN_POINT('',(3.6,-3.275,1.51));
#4751 = DIRECTION('',(-0.,0.,-1.));
#4752 = DIRECTION('',(-1.,0.,0.));
#4753 = ORIENTED_EDGE('',*,*,#4754,.T.);
#4754 = EDGE_CURVE('',#4746,#4755,#4757,.T.);
#4755 = VERTEX_POINT('',#4756);
#4756 = CARTESIAN_POINT('',(3.4,-2.275,1.51));
#4757 = LINE('',#4758,#4759);
#4758 = CARTESIAN_POINT('',(3.4,-1.1375,1.51));
#4759 = VECTOR('',#4760,1.);
#4760 = DIRECTION('',(-0.,1.,0.));
#4761 = ORIENTED_EDGE('',*,*,#4762,.T.);
#4762 = EDGE_CURVE('',#4755,#4763,#4765,.T.);
#4763 = VERTEX_POINT('',#4764);
#4764 = CARTESIAN_POINT('',(3.8,-2.275,1.51));
#4765 = CIRCLE('',#4766,0.2);
#4766 = AXIS2_PLACEMENT_3D('',#4767,#4768,#4769);
#4767 = CARTESIAN_POINT('',(3.6,-2.275,1.51));
#4768 = DIRECTION('',(0.,-0.,-1.));
#4769 = DIRECTION('',(1.,0.,-0.));
#4770 = ORIENTED_EDGE('',*,*,#4771,.T.);
#4771 = EDGE_CURVE('',#4763,#4744,#4772,.T.);
#4772 = LINE('',#4773,#4774);
#4773 = CARTESIAN_POINT('',(3.8,-1.6375,1.51));
#4774 = VECTOR('',#4775,1.);
#4775 = DIRECTION('',(0.,-1.,0.));
#4776 = FACE_BOUND('',#4777,.T.);
#4777 = EDGE_LOOP('',(#4778));
#4778 = ORIENTED_EDGE('',*,*,#4779,.T.);
#4779 = EDGE_CURVE('',#4780,#4780,#4782,.T.);
#4780 = VERTEX_POINT('',#4781);
#4781 = CARTESIAN_POINT('',(-5.95,1.125,1.51));
#4782 = CIRCLE('',#4783,0.6);
#4783 = AXIS2_PLACEMENT_3D('',#4784,#4785,#4786);
#4784 = CARTESIAN_POINT('',(-5.95,1.725,1.51));
#4785 = DIRECTION('',(-0.,0.,-1.));
#4786 = DIRECTION('',(-1.480297366167E-15,-1.,0.));
#4787 = FACE_BOUND('',#4788,.T.);
#4788 = EDGE_LOOP('',(#4789,#4800,#4808,#4817));
#4789 = ORIENTED_EDGE('',*,*,#4790,.T.);
#4790 = EDGE_CURVE('',#4791,#4793,#4795,.T.);
#4791 = VERTEX_POINT('',#4792);
#4792 = CARTESIAN_POINT('',(-3.4,-0.5,1.51));
#4793 = VERTEX_POINT('',#4794);
#4794 = CARTESIAN_POINT('',(-3.8,-0.5,1.51));
#4795 = CIRCLE('',#4796,0.2);
#4796 = AXIS2_PLACEMENT_3D('',#4797,#4798,#4799);
#4797 = CARTESIAN_POINT('',(-3.6,-0.5,1.51));
#4798 = DIRECTION('',(-0.,0.,-1.));
#4799 = DIRECTION('',(-1.,-5.551115123126E-16,0.));
#4800 = ORIENTED_EDGE('',*,*,#4801,.T.);
#4801 = EDGE_CURVE('',#4793,#4802,#4804,.T.);
#4802 = VERTEX_POINT('',#4803);
#4803 = CARTESIAN_POINT('',(-3.8,0.5,1.51));
#4804 = LINE('',#4805,#4806);
#4805 = CARTESIAN_POINT('',(-3.8,0.25,1.51));
#4806 = VECTOR('',#4807,1.);
#4807 = DIRECTION('',(-0.,1.,0.));
#4808 = ORIENTED_EDGE('',*,*,#4809,.T.);
#4809 = EDGE_CURVE('',#4802,#4810,#4812,.T.);
#4810 = VERTEX_POINT('',#4811);
#4811 = CARTESIAN_POINT('',(-3.4,0.5,1.51));
#4812 = CIRCLE('',#4813,0.2);
#4813 = AXIS2_PLACEMENT_3D('',#4814,#4815,#4816);
#4814 = CARTESIAN_POINT('',(-3.6,0.5,1.51));
#4815 = DIRECTION('',(0.,-0.,-1.));
#4816 = DIRECTION('',(1.,5.551115123126E-16,-0.));
#4817 = ORIENTED_EDGE('',*,*,#4818,.T.);
#4818 = EDGE_CURVE('',#4810,#4791,#4819,.T.);
#4819 = LINE('',#4820,#4821);
#4820 = CARTESIAN_POINT('',(-3.4,-0.25,1.51));
#4821 = VECTOR('',#4822,1.);
#4822 = DIRECTION('',(0.,-1.,0.));
#4823 = FACE_BOUND('',#4824,.T.);
#4824 = EDGE_LOOP('',(#4825,#4836,#4844,#4853));
#4825 = ORIENTED_EDGE('',*,*,#4826,.T.);
#4826 = EDGE_CURVE('',#4827,#4829,#4831,.T.);
#4827 = VERTEX_POINT('',#4828);
#4828 = CARTESIAN_POINT('',(-6.4,4.575,1.51));
#4829 = VERTEX_POINT('',#4830);
#4830 = CARTESIAN_POINT('',(-6.4,4.975,1.51));
#4831 = CIRCLE('',#4832,0.2);
#4832 = AXIS2_PLACEMENT_3D('',#4833,#4834,#4835);
#4833 = CARTESIAN_POINT('',(-6.4,4.775,1.51));
#4834 = DIRECTION('',(-0.,0.,-1.));
#4835 = DIRECTION('',(0.,1.,0.));
#4836 = ORIENTED_EDGE('',*,*,#4837,.T.);
#4837 = EDGE_CURVE('',#4829,#4838,#4840,.T.);
#4838 = VERTEX_POINT('',#4839);
#4839 = CARTESIAN_POINT('',(-5.4,4.975,1.51));
#4840 = LINE('',#4841,#4842);
#4841 = CARTESIAN_POINT('',(-2.7,4.975,1.51));
#4842 = VECTOR('',#4843,1.);
#4843 = DIRECTION('',(1.,0.,-0.));
#4844 = ORIENTED_EDGE('',*,*,#4845,.T.);
#4845 = EDGE_CURVE('',#4838,#4846,#4848,.T.);
#4846 = VERTEX_POINT('',#4847);
#4847 = CARTESIAN_POINT('',(-5.4,4.575,1.51));
#4848 = CIRCLE('',#4849,0.2);
#4849 = AXIS2_PLACEMENT_3D('',#4850,#4851,#4852);
#4850 = CARTESIAN_POINT('',(-5.4,4.775,1.51));
#4851 = DIRECTION('',(-0.,0.,-1.));
#4852 = DIRECTION('',(-0.,-1.,0.));
#4853 = ORIENTED_EDGE('',*,*,#4854,.T.);
#4854 = EDGE_CURVE('',#4846,#4827,#4855,.T.);
#4855 = LINE('',#4856,#4857);
#4856 = CARTESIAN_POINT('',(-3.2,4.575,1.51));
#4857 = VECTOR('',#4858,1.);
#4858 = DIRECTION('',(-1.,0.,0.));
#4859 = FACE_BOUND('',#4860,.T.);
#4860 = EDGE_LOOP('',(#4861,#4872,#4880,#4889));
#4861 = ORIENTED_EDGE('',*,*,#4862,.T.);
#4862 = EDGE_CURVE('',#4863,#4865,#4867,.T.);
#4863 = VERTEX_POINT('',#4864);
#4864 = CARTESIAN_POINT('',(0.4,-0.5,1.51));
#4865 = VERTEX_POINT('',#4866);
#4866 = CARTESIAN_POINT('',(1.387778780781E-17,-0.5,1.51));
#4867 = CIRCLE('',#4868,0.2);
#4868 = AXIS2_PLACEMENT_3D('',#4869,#4870,#4871);
#4869 = CARTESIAN_POINT('',(0.2,-0.5,1.51));
#4870 = DIRECTION('',(-0.,0.,-1.));
#4871 = DIRECTION('',(-1.,-5.551115123126E-16,0.));
#4872 = ORIENTED_EDGE('',*,*,#4873,.T.);
#4873 = EDGE_CURVE('',#4865,#4874,#4876,.T.);
#4874 = VERTEX_POINT('',#4875);
#4875 = CARTESIAN_POINT('',(-1.387778780781E-17,0.5,1.51));
#4876 = LINE('',#4877,#4878);
#4877 = CARTESIAN_POINT('',(0.,0.25,1.51));
#4878 = VECTOR('',#4879,1.);
#4879 = DIRECTION('',(-0.,1.,0.));
#4880 = ORIENTED_EDGE('',*,*,#4881,.T.);
#4881 = EDGE_CURVE('',#4874,#4882,#4884,.T.);
#4882 = VERTEX_POINT('',#4883);
#4883 = CARTESIAN_POINT('',(0.4,0.5,1.51));
#4884 = CIRCLE('',#4885,0.2);
#4885 = AXIS2_PLACEMENT_3D('',#4886,#4887,#4888);
#4886 = CARTESIAN_POINT('',(0.2,0.5,1.51));
#4887 = DIRECTION('',(0.,-0.,-1.));
#4888 = DIRECTION('',(1.,5.551115123126E-16,-0.));
#4889 = ORIENTED_EDGE('',*,*,#4890,.T.);
#4890 = EDGE_CURVE('',#4882,#4863,#4891,.T.);
#4891 = LINE('',#4892,#4893);
#4892 = CARTESIAN_POINT('',(0.4,-0.25,1.51));
#4893 = VECTOR('',#4894,1.);
#4894 = DIRECTION('',(0.,-1.,0.));
#4895 = FACE_BOUND('',#4896,.T.);
#4896 = EDGE_LOOP('',(#4897));
#4897 = ORIENTED_EDGE('',*,*,#4898,.T.);
#4898 = EDGE_CURVE('',#4899,#4899,#4901,.T.);
#4899 = VERTEX_POINT('',#4900);
#4900 = CARTESIAN_POINT('',(3.6,-0.3,1.51));
#4901 = CIRCLE('',#4902,0.3);
#4902 = AXIS2_PLACEMENT_3D('',#4903,#4904,#4905);
#4903 = CARTESIAN_POINT('',(3.6,2.914335439641E-16,1.51));
#4904 = DIRECTION('',(-0.,0.,-1.));
#4905 = DIRECTION('',(1.480297366167E-15,-1.,-0.));
#4906 = FACE_BOUND('',#4907,.T.);
#4907 = EDGE_LOOP('',(#4908,#4919,#4927,#4936));
#4908 = ORIENTED_EDGE('',*,*,#4909,.T.);
#4909 = EDGE_CURVE('',#4910,#4912,#4914,.T.);
#4910 = VERTEX_POINT('',#4911);
#4911 = CARTESIAN_POINT('',(-1.640980426672E-17,4.575,1.51));
#4912 = VERTEX_POINT('',#4913);
#4913 = CARTESIAN_POINT('',(0.,4.975,1.51));
#4914 = CIRCLE('',#4915,0.2);
#4915 = AXIS2_PLACEMENT_3D('',#4916,#4917,#4918);
#4916 = CARTESIAN_POINT('',(-4.926614671774E-16,4.775,1.51));
#4917 = DIRECTION('',(0.,-0.,-1.));
#4918 = DIRECTION('',(2.463307335887E-15,1.,-0.));
#4919 = ORIENTED_EDGE('',*,*,#4920,.T.);
#4920 = EDGE_CURVE('',#4912,#4921,#4923,.T.);
#4921 = VERTEX_POINT('',#4922);
#4922 = CARTESIAN_POINT('',(1.,4.975,1.51));
#4923 = LINE('',#4924,#4925);
#4924 = CARTESIAN_POINT('',(0.5,4.975,1.51));
#4925 = VECTOR('',#4926,1.);
#4926 = DIRECTION('',(1.,0.,-0.));
#4927 = ORIENTED_EDGE('',*,*,#4928,.T.);
#4928 = EDGE_CURVE('',#4921,#4929,#4931,.T.);
#4929 = VERTEX_POINT('',#4930);
#4930 = CARTESIAN_POINT('',(1.,4.575,1.51));
#4931 = CIRCLE('',#4932,0.2);
#4932 = AXIS2_PLACEMENT_3D('',#4933,#4934,#4935);
#4933 = CARTESIAN_POINT('',(1.,4.775,1.51));
#4934 = DIRECTION('',(-0.,0.,-1.));
#4935 = DIRECTION('',(-2.22044604925E-15,-1.,0.));
#4936 = ORIENTED_EDGE('',*,*,#4937,.T.);
#4937 = EDGE_CURVE('',#4929,#4910,#4938,.T.);
#4938 = LINE('',#4939,#4940);
#4939 = CARTESIAN_POINT('',(0.,4.575,1.51));
#4940 = VECTOR('',#4941,1.);
#4941 = DIRECTION('',(-1.,0.,0.));
#4942 = FACE_BOUND('',#4943,.T.);
#4943 = EDGE_LOOP('',(#4944,#4955,#4963,#4972));
#4944 = ORIENTED_EDGE('',*,*,#4945,.T.);
#4945 = EDGE_CURVE('',#4946,#4948,#4950,.T.);
#4946 = VERTEX_POINT('',#4947);
#4947 = CARTESIAN_POINT('',(3.8,2.275,1.51));
#4948 = VERTEX_POINT('',#4949);
#4949 = CARTESIAN_POINT('',(3.4,2.275,1.51));
#4950 = CIRCLE('',#4951,0.2);
#4951 = AXIS2_PLACEMENT_3D('',#4952,#4953,#4954);
#4952 = CARTESIAN_POINT('',(3.6,2.275,1.51));
#4953 = DIRECTION('',(-0.,0.,-1.));
#4954 = DIRECTION('',(-1.,0.,0.));
#4955 = ORIENTED_EDGE('',*,*,#4956,.T.);
#4956 = EDGE_CURVE('',#4948,#4957,#4959,.T.);
#4957 = VERTEX_POINT('',#4958);
#4958 = CARTESIAN_POINT('',(3.4,3.275,1.51));
#4959 = LINE('',#4960,#4961);
#4960 = CARTESIAN_POINT('',(3.4,1.6375,1.51));
#4961 = VECTOR('',#4962,1.);
#4962 = DIRECTION('',(-0.,1.,0.));
#4963 = ORIENTED_EDGE('',*,*,#4964,.T.);
#4964 = EDGE_CURVE('',#4957,#4965,#4967,.T.);
#4965 = VERTEX_POINT('',#4966);
#4966 = CARTESIAN_POINT('',(3.8,3.275,1.51));
#4967 = CIRCLE('',#4968,0.2);
#4968 = AXIS2_PLACEMENT_3D('',#4969,#4970,#4971);
#4969 = CARTESIAN_POINT('',(3.6,3.275,1.51));
#4970 = DIRECTION('',(0.,-0.,-1.));
#4971 = DIRECTION('',(1.,0.,-0.));
#4972 = ORIENTED_EDGE('',*,*,#4973,.T.);
#4973 = EDGE_CURVE('',#4965,#4946,#4974,.T.);
#4974 = LINE('',#4975,#4976);
#4975 = CARTESIAN_POINT('',(3.8,1.1375,1.51));
#4976 = VECTOR('',#4977,1.);
#4977 = DIRECTION('',(0.,-1.,0.));
#4978 = PLANE('',#4979);
#4979 = AXIS2_PLACEMENT_3D('',#4980,#4981,#4982);
#4980 = CARTESIAN_POINT('',(0.,0.,1.51));
#4981 = DIRECTION('',(0.,0.,1.));
#4982 = DIRECTION('',(1.,0.,-0.));
#4983 = ADVANCED_FACE('',(#4984),#4990,.T.);
#4984 = FACE_BOUND('',#4985,.T.);
#4985 = EDGE_LOOP('',(#4986,#4987,#4988,#4989));
#4986 = ORIENTED_EDGE('',*,*,#4289,.T.);
#4987 = ORIENTED_EDGE('',*,*,#4651,.T.);
#4988 = ORIENTED_EDGE('',*,*,#4249,.F.);
#4989 = ORIENTED_EDGE('',*,*,#4313,.F.);
#4990 = PLANE('',#4991);
#4991 = AXIS2_PLACEMENT_3D('',#4992,#4993,#4994);
#4992 = CARTESIAN_POINT('',(-8.5,6.5,0.));
#4993 = DIRECTION('',(0.,1.,0.));
#4994 = DIRECTION('',(1.,0.,0.));
#4995 = ADVANCED_FACE('',(#4996),#5012,.F.);
#4996 = FACE_BOUND('',#4997,.T.);
#4997 = EDGE_LOOP('',(#4998,#4999,#5005,#5006));
#4998 = ORIENTED_EDGE('',*,*,#4322,.T.);
#4999 = ORIENTED_EDGE('',*,*,#5000,.T.);
#5000 = EDGE_CURVE('',#4325,#4663,#5001,.T.);
#5001 = LINE('',#5002,#5003);
#5002 = CARTESIAN_POINT('',(-6.4,-4.575,-4.6E-02));
#5003 = VECTOR('',#5004,1.);
#5004 = DIRECTION('',(0.,0.,1.));
#5005 = ORIENTED_EDGE('',*,*,#4660,.F.);
#5006 = ORIENTED_EDGE('',*,*,#5007,.F.);
#5007 = EDGE_CURVE('',#4323,#4661,#5008,.T.);
#5008 = LINE('',#5009,#5010);
#5009 = CARTESIAN_POINT('',(-6.4,-4.975,-4.6E-02));
#5010 = VECTOR('',#5011,1.);
#5011 = DIRECTION('',(0.,0.,1.));
#5012 = CYLINDRICAL_SURFACE('',#5013,0.2);
#5013 = AXIS2_PLACEMENT_3D('',#5014,#5015,#5016);
#5014 = CARTESIAN_POINT('',(-6.4,-4.775,-4.6E-02));
#5015 = DIRECTION('',(-0.,0.,-1.));
#5016 = DIRECTION('',(0.,1.,0.));
#5017 = ADVANCED_FACE('',(#5018),#5029,.T.);
#5018 = FACE_BOUND('',#5019,.T.);
#5019 = EDGE_LOOP('',(#5020,#5021,#5022,#5023));
#5020 = ORIENTED_EDGE('',*,*,#4350,.T.);
#5021 = ORIENTED_EDGE('',*,*,#5007,.T.);
#5022 = ORIENTED_EDGE('',*,*,#4688,.F.);
#5023 = ORIENTED_EDGE('',*,*,#5024,.F.);
#5024 = EDGE_CURVE('',#4342,#4680,#5025,.T.);
#5025 = LINE('',#5026,#5027);
#5026 = CARTESIAN_POINT('',(-5.4,-4.975,-4.6E-02));
#5027 = VECTOR('',#5028,1.);
#5028 = DIRECTION('',(0.,0.,1.));
#5029 = PLANE('',#5030);
#5030 = AXIS2_PLACEMENT_3D('',#5031,#5032,#5033);
#5031 = CARTESIAN_POINT('',(-6.4,-4.975,-4.6E-02));
#5032 = DIRECTION('',(0.,1.,0.));
#5033 = DIRECTION('',(1.,0.,0.));
#5034 = ADVANCED_FACE('',(#5035),#5046,.F.);
#5035 = FACE_BOUND('',#5036,.T.);
#5036 = EDGE_LOOP('',(#5037,#5038,#5039,#5040));
#5037 = ORIENTED_EDGE('',*,*,#4341,.T.);
#5038 = ORIENTED_EDGE('',*,*,#5024,.T.);
#5039 = ORIENTED_EDGE('',*,*,#4679,.F.);
#5040 = ORIENTED_EDGE('',*,*,#5041,.F.);
#5041 = EDGE_CURVE('',#4334,#4672,#5042,.T.);
#5042 = LINE('',#5043,#5044);
#5043 = CARTESIAN_POINT('',(-5.4,-4.575,-4.6E-02));
#5044 = VECTOR('',#5045,1.);
#5045 = DIRECTION('',(0.,0.,1.));
#5046 = CYLINDRICAL_SURFACE('',#5047,0.2);
#5047 = AXIS2_PLACEMENT_3D('',#5048,#5049,#5050);
#5048 = CARTESIAN_POINT('',(-5.4,-4.775,-4.6E-02));
#5049 = DIRECTION('',(-0.,-0.,-1.));
#5050 = DIRECTION('',(-0.,-1.,0.));
#5051 = ADVANCED_FACE('',(#5052),#5058,.T.);
#5052 = FACE_BOUND('',#5053,.T.);
#5053 = EDGE_LOOP('',(#5054,#5055,#5056,#5057));
#5054 = ORIENTED_EDGE('',*,*,#4333,.T.);
#5055 = ORIENTED_EDGE('',*,*,#5041,.T.);
#5056 = ORIENTED_EDGE('',*,*,#4671,.F.);
#5057 = ORIENTED_EDGE('',*,*,#5000,.F.);
#5058 = PLANE('',#5059);
#5059 = AXIS2_PLACEMENT_3D('',#5060,#5061,#5062);
#5060 = CARTESIAN_POINT('',(-5.4,-4.575,-4.6E-02));
#5061 = DIRECTION('',(0.,-1.,0.));
#5062 = DIRECTION('',(-1.,0.,0.));
#5063 = ADVANCED_FACE('',(#5064),#5075,.F.);
#5064 = FACE_BOUND('',#5065,.T.);
#5065 = EDGE_LOOP('',(#5066,#5067,#5073,#5074));
#5066 = ORIENTED_EDGE('',*,*,#4358,.T.);
#5067 = ORIENTED_EDGE('',*,*,#5068,.T.);
#5068 = EDGE_CURVE('',#4359,#4697,#5069,.T.);
#5069 = LINE('',#5070,#5071);
#5070 = CARTESIAN_POINT('',(-5.95,-2.325,-4.6E-02));
#5071 = VECTOR('',#5072,1.);
#5072 = DIRECTION('',(0.,0.,1.));
#5073 = ORIENTED_EDGE('',*,*,#4696,.F.);
#5074 = ORIENTED_EDGE('',*,*,#5068,.F.);
#5075 = CYLINDRICAL_SURFACE('',#5076,0.6);
#5076 = AXIS2_PLACEMENT_3D('',#5077,#5078,#5079);
#5077 = CARTESIAN_POINT('',(-5.95,-1.725,-4.6E-02));
#5078 = DIRECTION('',(-0.,-0.,-1.));
#5079 = DIRECTION('',(-1.480297366167E-15,-1.,0.));
#5080 = ADVANCED_FACE('',(#5081),#5097,.F.);
#5081 = FACE_BOUND('',#5082,.T.);
#5082 = EDGE_LOOP('',(#5083,#5084,#5090,#5091));
#5083 = ORIENTED_EDGE('',*,*,#4369,.T.);
#5084 = ORIENTED_EDGE('',*,*,#5085,.T.);
#5085 = EDGE_CURVE('',#4372,#4710,#5086,.T.);
#5086 = LINE('',#5087,#5088);
#5087 = CARTESIAN_POINT('',(-6.902532920684E-31,-4.575,-4.6E-02));
#5088 = VECTOR('',#5089,1.);
#5089 = DIRECTION('',(0.,0.,1.));
#5090 = ORIENTED_EDGE('',*,*,#4707,.F.);
#5091 = ORIENTED_EDGE('',*,*,#5092,.F.);
#5092 = EDGE_CURVE('',#4370,#4708,#5093,.T.);
#5093 = LINE('',#5094,#5095);
#5094 = CARTESIAN_POINT('',(-1.640980751517E-17,-4.975,-4.6E-02));
#5095 = VECTOR('',#5096,1.);
#5096 = DIRECTION('',(0.,0.,1.));
#5097 = CYLINDRICAL_SURFACE('',#5098,0.2);
#5098 = AXIS2_PLACEMENT_3D('',#5099,#5100,#5101);
#5099 = CARTESIAN_POINT('',(-4.926614671774E-16,-4.775,-4.6E-02));
#5100 = DIRECTION('',(-0.,-0.,-1.));
#5101 = DIRECTION('',(2.463307335887E-15,1.,-0.));
#5102 = ADVANCED_FACE('',(#5103),#5114,.T.);
#5103 = FACE_BOUND('',#5104,.T.);
#5104 = EDGE_LOOP('',(#5105,#5106,#5107,#5108));
#5105 = ORIENTED_EDGE('',*,*,#4397,.T.);
#5106 = ORIENTED_EDGE('',*,*,#5092,.T.);
#5107 = ORIENTED_EDGE('',*,*,#4735,.F.);
#5108 = ORIENTED_EDGE('',*,*,#5109,.F.);
#5109 = EDGE_CURVE('',#4389,#4727,#5110,.T.);
#5110 = LINE('',#5111,#5112);
#5111 = CARTESIAN_POINT('',(1.,-4.975,-4.6E-02));
#5112 = VECTOR('',#5113,1.);
#5113 = DIRECTION('',(0.,0.,1.));
#5114 = PLANE('',#5115);
#5115 = AXIS2_PLACEMENT_3D('',#5116,#5117,#5118);
#5116 = CARTESIAN_POINT('',(0.,-4.975,-4.6E-02));
#5117 = DIRECTION('',(0.,1.,0.));
#5118 = DIRECTION('',(1.,0.,0.));
#5119 = ADVANCED_FACE('',(#5120),#5131,.F.);
#5120 = FACE_BOUND('',#5121,.T.);
#5121 = EDGE_LOOP('',(#5122,#5123,#5124,#5125));
#5122 = ORIENTED_EDGE('',*,*,#4388,.T.);
#5123 = ORIENTED_EDGE('',*,*,#5109,.T.);
#5124 = ORIENTED_EDGE('',*,*,#4726,.F.);
#5125 = ORIENTED_EDGE('',*,*,#5126,.F.);
#5126 = EDGE_CURVE('',#4381,#4719,#5127,.T.);
#5127 = LINE('',#5128,#5129);
#5128 = CARTESIAN_POINT('',(1.,-4.575,-4.6E-02));
#5129 = VECTOR('',#5130,1.);
#5130 = DIRECTION('',(0.,0.,1.));
#5131 = CYLINDRICAL_SURFACE('',#5132,0.2);
#5132 = AXIS2_PLACEMENT_3D('',#5133,#5134,#5135);
#5133 = CARTESIAN_POINT('',(1.,-4.775,-4.6E-02));
#5134 = DIRECTION('',(-0.,-0.,-1.));
#5135 = DIRECTION('',(-2.22044604925E-15,-1.,0.));
#5136 = ADVANCED_FACE('',(#5137),#5143,.T.);
#5137 = FACE_BOUND('',#5138,.T.);
#5138 = EDGE_LOOP('',(#5139,#5140,#5141,#5142));
#5139 = ORIENTED_EDGE('',*,*,#4380,.T.);
#5140 = ORIENTED_EDGE('',*,*,#5126,.T.);
#5141 = ORIENTED_EDGE('',*,*,#4718,.F.);
#5142 = ORIENTED_EDGE('',*,*,#5085,.F.);
#5143 = PLANE('',#5144);
#5144 = AXIS2_PLACEMENT_3D('',#5145,#5146,#5147);
#5145 = CARTESIAN_POINT('',(1.,-4.575,-4.6E-02));
#5146 = DIRECTION('',(0.,-1.,0.));
#5147 = DIRECTION('',(-1.,0.,0.));
#5148 = ADVANCED_FACE('',(#5149),#5165,.F.);
#5149 = FACE_BOUND('',#5150,.T.);
#5150 = EDGE_LOOP('',(#5151,#5152,#5158,#5159));
#5151 = ORIENTED_EDGE('',*,*,#4405,.T.);
#5152 = ORIENTED_EDGE('',*,*,#5153,.T.);
#5153 = EDGE_CURVE('',#4408,#4746,#5154,.T.);
#5154 = LINE('',#5155,#5156);
#5155 = CARTESIAN_POINT('',(3.4,-3.275,-4.6E-02));
#5156 = VECTOR('',#5157,1.);
#5157 = DIRECTION('',(0.,0.,1.));
#5158 = ORIENTED_EDGE('',*,*,#4743,.F.);
#5159 = ORIENTED_EDGE('',*,*,#5160,.F.);
#5160 = EDGE_CURVE('',#4406,#4744,#5161,.T.);
#5161 = LINE('',#5162,#5163);
#5162 = CARTESIAN_POINT('',(3.8,-3.275,-4.6E-02));
#5163 = VECTOR('',#5164,1.);
#5164 = DIRECTION('',(0.,0.,1.));
#5165 = CYLINDRICAL_SURFACE('',#5166,0.2);
#5166 = AXIS2_PLACEMENT_3D('',#5167,#5168,#5169);
#5167 = CARTESIAN_POINT('',(3.6,-3.275,-4.6E-02));
#5168 = DIRECTION('',(-0.,-0.,-1.));
#5169 = DIRECTION('',(-1.,0.,-0.));
#5170 = ADVANCED_FACE('',(#5171),#5182,.T.);
#5171 = FACE_BOUND('',#5172,.T.);
#5172 = EDGE_LOOP('',(#5173,#5174,#5175,#5176));
#5173 = ORIENTED_EDGE('',*,*,#4433,.T.);
#5174 = ORIENTED_EDGE('',*,*,#5160,.T.);
#5175 = ORIENTED_EDGE('',*,*,#4771,.F.);
#5176 = ORIENTED_EDGE('',*,*,#5177,.F.);
#5177 = EDGE_CURVE('',#4425,#4763,#5178,.T.);
#5178 = LINE('',#5179,#5180);
#5179 = CARTESIAN_POINT('',(3.8,-2.275,-4.6E-02));
#5180 = VECTOR('',#5181,1.);
#5181 = DIRECTION('',(0.,0.,1.));
#5182 = PLANE('',#5183);
#5183 = AXIS2_PLACEMENT_3D('',#5184,#5185,#5186);
#5184 = CARTESIAN_POINT('',(3.8,-3.275,-4.6E-02));
#5185 = DIRECTION('',(-1.,0.,0.));
#5186 = DIRECTION('',(0.,1.,0.));
#5187 = ADVANCED_FACE('',(#5188),#5199,.F.);
#5188 = FACE_BOUND('',#5189,.T.);
#5189 = EDGE_LOOP('',(#5190,#5191,#5192,#5193));
#5190 = ORIENTED_EDGE('',*,*,#4424,.T.);
#5191 = ORIENTED_EDGE('',*,*,#5177,.T.);
#5192 = ORIENTED_EDGE('',*,*,#4762,.F.);
#5193 = ORIENTED_EDGE('',*,*,#5194,.F.);
#5194 = EDGE_CURVE('',#4417,#4755,#5195,.T.);
#5195 = LINE('',#5196,#5197);
#5196 = CARTESIAN_POINT('',(3.4,-2.275,-4.6E-02));
#5197 = VECTOR('',#5198,1.);
#5198 = DIRECTION('',(0.,0.,1.));
#5199 = CYLINDRICAL_SURFACE('',#5200,0.2);
#5200 = AXIS2_PLACEMENT_3D('',#5201,#5202,#5203);
#5201 = CARTESIAN_POINT('',(3.6,-2.275,-4.6E-02));
#5202 = DIRECTION('',(-0.,-0.,-1.));
#5203 = DIRECTION('',(1.,0.,-0.));
#5204 = ADVANCED_FACE('',(#5205),#5211,.T.);
#5205 = FACE_BOUND('',#5206,.T.);
#5206 = EDGE_LOOP('',(#5207,#5208,#5209,#5210));
#5207 = ORIENTED_EDGE('',*,*,#4416,.T.);
#5208 = ORIENTED_EDGE('',*,*,#5194,.T.);
#5209 = ORIENTED_EDGE('',*,*,#4754,.F.);
#5210 = ORIENTED_EDGE('',*,*,#5153,.F.);
#5211 = PLANE('',#5212);
#5212 = AXIS2_PLACEMENT_3D('',#5213,#5214,#5215);
#5213 = CARTESIAN_POINT('',(3.4,-2.275,-4.6E-02));
#5214 = DIRECTION('',(1.,0.,-0.));
#5215 = DIRECTION('',(0.,-1.,0.));
#5216 = ADVANCED_FACE('',(#5217),#5228,.F.);
#5217 = FACE_BOUND('',#5218,.T.);
#5218 = EDGE_LOOP('',(#5219,#5220,#5226,#5227));
#5219 = ORIENTED_EDGE('',*,*,#4441,.T.);
#5220 = ORIENTED_EDGE('',*,*,#5221,.T.);
#5221 = EDGE_CURVE('',#4442,#4780,#5222,.T.);
#5222 = LINE('',#5223,#5224);
#5223 = CARTESIAN_POINT('',(-5.95,1.125,-4.6E-02));
#5224 = VECTOR('',#5225,1.);
#5225 = DIRECTION('',(0.,0.,1.));
#5226 = ORIENTED_EDGE('',*,*,#4779,.F.);
#5227 = ORIENTED_EDGE('',*,*,#5221,.F.);
#5228 = CYLINDRICAL_SURFACE('',#5229,0.6);
#5229 = AXIS2_PLACEMENT_3D('',#5230,#5231,#5232);
#5230 = CARTESIAN_POINT('',(-5.95,1.725,-4.6E-02));
#5231 = DIRECTION('',(-0.,-0.,-1.));
#5232 = DIRECTION('',(-1.480297366167E-15,-1.,0.));
#5233 = ADVANCED_FACE('',(#5234),#5250,.F.);
#5234 = FACE_BOUND('',#5235,.T.);
#5235 = EDGE_LOOP('',(#5236,#5237,#5243,#5244));
#5236 = ORIENTED_EDGE('',*,*,#4452,.T.);
#5237 = ORIENTED_EDGE('',*,*,#5238,.T.);
#5238 = EDGE_CURVE('',#4455,#4793,#5239,.T.);
#5239 = LINE('',#5240,#5241);
#5240 = CARTESIAN_POINT('',(-3.8,-0.5,-4.6E-02));
#5241 = VECTOR('',#5242,1.);
#5242 = DIRECTION('',(0.,0.,1.));
#5243 = ORIENTED_EDGE('',*,*,#4790,.F.);
#5244 = ORIENTED_EDGE('',*,*,#5245,.F.);
#5245 = EDGE_CURVE('',#4453,#4791,#5246,.T.);
#5246 = LINE('',#5247,#5248);
#5247 = CARTESIAN_POINT('',(-3.4,-0.5,-4.6E-02));
#5248 = VECTOR('',#5249,1.);
#5249 = DIRECTION('',(0.,0.,1.));
#5250 = CYLINDRICAL_SURFACE('',#5251,0.2);
#5251 = AXIS2_PLACEMENT_3D('',#5252,#5253,#5254);
#5252 = CARTESIAN_POINT('',(-3.6,-0.5,-4.6E-02));
#5253 = DIRECTION('',(-0.,-0.,-1.));
#5254 = DIRECTION('',(-1.,-5.551115123126E-16,0.));
#5255 = ADVANCED_FACE('',(#5256),#5267,.T.);
#5256 = FACE_BOUND('',#5257,.T.);
#5257 = EDGE_LOOP('',(#5258,#5259,#5260,#5261));
#5258 = ORIENTED_EDGE('',*,*,#4480,.T.);
#5259 = ORIENTED_EDGE('',*,*,#5245,.T.);
#5260 = ORIENTED_EDGE('',*,*,#4818,.F.);
#5261 = ORIENTED_EDGE('',*,*,#5262,.F.);
#5262 = EDGE_CURVE('',#4472,#4810,#5263,.T.);
#5263 = LINE('',#5264,#5265);
#5264 = CARTESIAN_POINT('',(-3.4,0.5,-4.6E-02));
#5265 = VECTOR('',#5266,1.);
#5266 = DIRECTION('',(0.,0.,1.));
#5267 = PLANE('',#5268);
#5268 = AXIS2_PLACEMENT_3D('',#5269,#5270,#5271);
#5269 = CARTESIAN_POINT('',(-3.4,-0.5,-4.6E-02));
#5270 = DIRECTION('',(-1.,0.,0.));
#5271 = DIRECTION('',(0.,1.,0.));
#5272 = ADVANCED_FACE('',(#5273),#5284,.F.);
#5273 = FACE_BOUND('',#5274,.T.);
#5274 = EDGE_LOOP('',(#5275,#5276,#5277,#5278));
#5275 = ORIENTED_EDGE('',*,*,#4471,.T.);
#5276 = ORIENTED_EDGE('',*,*,#5262,.T.);
#5277 = ORIENTED_EDGE('',*,*,#4809,.F.);
#5278 = ORIENTED_EDGE('',*,*,#5279,.F.);
#5279 = EDGE_CURVE('',#4464,#4802,#5280,.T.);
#5280 = LINE('',#5281,#5282);
#5281 = CARTESIAN_POINT('',(-3.8,0.5,-4.6E-02));
#5282 = VECTOR('',#5283,1.);
#5283 = DIRECTION('',(0.,0.,1.));
#5284 = CYLINDRICAL_SURFACE('',#5285,0.2);
#5285 = AXIS2_PLACEMENT_3D('',#5286,#5287,#5288);
#5286 = CARTESIAN_POINT('',(-3.6,0.5,-4.6E-02));
#5287 = DIRECTION('',(-0.,-0.,-1.));
#5288 = DIRECTION('',(1.,5.551115123126E-16,-0.));
#5289 = ADVANCED_FACE('',(#5290),#5296,.T.);
#5290 = FACE_BOUND('',#5291,.T.);
#5291 = EDGE_LOOP('',(#5292,#5293,#5294,#5295));
#5292 = ORIENTED_EDGE('',*,*,#4463,.T.);
#5293 = ORIENTED_EDGE('',*,*,#5279,.T.);
#5294 = ORIENTED_EDGE('',*,*,#4801,.F.);
#5295 = ORIENTED_EDGE('',*,*,#5238,.F.);
#5296 = PLANE('',#5297);
#5297 = AXIS2_PLACEMENT_3D('',#5298,#5299,#5300);
#5298 = CARTESIAN_POINT('',(-3.8,0.5,-4.6E-02));
#5299 = DIRECTION('',(1.,0.,-0.));
#5300 = DIRECTION('',(0.,-1.,0.));
#5301 = ADVANCED_FACE('',(#5302),#5318,.F.);
#5302 = FACE_BOUND('',#5303,.T.);
#5303 = EDGE_LOOP('',(#5304,#5305,#5311,#5312));
#5304 = ORIENTED_EDGE('',*,*,#4488,.T.);
#5305 = ORIENTED_EDGE('',*,*,#5306,.T.);
#5306 = EDGE_CURVE('',#4491,#4829,#5307,.T.);
#5307 = LINE('',#5308,#5309);
#5308 = CARTESIAN_POINT('',(-6.4,4.975,-4.6E-02));
#5309 = VECTOR('',#5310,1.);
#5310 = DIRECTION('',(0.,0.,1.));
#5311 = ORIENTED_EDGE('',*,*,#4826,.F.);
#5312 = ORIENTED_EDGE('',*,*,#5313,.F.);
#5313 = EDGE_CURVE('',#4489,#4827,#5314,.T.);
#5314 = LINE('',#5315,#5316);
#5315 = CARTESIAN_POINT('',(-6.4,4.575,-4.6E-02));
#5316 = VECTOR('',#5317,1.);
#5317 = DIRECTION('',(0.,0.,1.));
#5318 = CYLINDRICAL_SURFACE('',#5319,0.2);
#5319 = AXIS2_PLACEMENT_3D('',#5320,#5321,#5322);
#5320 = CARTESIAN_POINT('',(-6.4,4.775,-4.6E-02));
#5321 = DIRECTION('',(-0.,0.,-1.));
#5322 = DIRECTION('',(0.,1.,0.));
#5323 = ADVANCED_FACE('',(#5324),#5335,.T.);
#5324 = FACE_BOUND('',#5325,.T.);
#5325 = EDGE_LOOP('',(#5326,#5327,#5328,#5329));
#5326 = ORIENTED_EDGE('',*,*,#4516,.T.);
#5327 = ORIENTED_EDGE('',*,*,#5313,.T.);
#5328 = ORIENTED_EDGE('',*,*,#4854,.F.);
#5329 = ORIENTED_EDGE('',*,*,#5330,.F.);
#5330 = EDGE_CURVE('',#4508,#4846,#5331,.T.);
#5331 = LINE('',#5332,#5333);
#5332 = CARTESIAN_POINT('',(-5.4,4.575,-4.6E-02));
#5333 = VECTOR('',#5334,1.);
#5334 = DIRECTION('',(0.,0.,1.));
#5335 = PLANE('',#5336);
#5336 = AXIS2_PLACEMENT_3D('',#5337,#5338,#5339);
#5337 = CARTESIAN_POINT('',(-6.4,4.575,-4.6E-02));
#5338 = DIRECTION('',(0.,1.,0.));
#5339 = DIRECTION('',(1.,0.,0.));
#5340 = ADVANCED_FACE('',(#5341),#5352,.F.);
#5341 = FACE_BOUND('',#5342,.T.);
#5342 = EDGE_LOOP('',(#5343,#5344,#5345,#5346));
#5343 = ORIENTED_EDGE('',*,*,#4507,.T.);
#5344 = ORIENTED_EDGE('',*,*,#5330,.T.);
#5345 = ORIENTED_EDGE('',*,*,#4845,.F.);
#5346 = ORIENTED_EDGE('',*,*,#5347,.F.);
#5347 = EDGE_CURVE('',#4500,#4838,#5348,.T.);
#5348 = LINE('',#5349,#5350);
#5349 = CARTESIAN_POINT('',(-5.4,4.975,-4.6E-02));
#5350 = VECTOR('',#5351,1.);
#5351 = DIRECTION('',(0.,0.,1.));
#5352 = CYLINDRICAL_SURFACE('',#5353,0.2);
#5353 = AXIS2_PLACEMENT_3D('',#5354,#5355,#5356);
#5354 = CARTESIAN_POINT('',(-5.4,4.775,-4.6E-02));
#5355 = DIRECTION('',(-0.,-0.,-1.));
#5356 = DIRECTION('',(-0.,-1.,0.));
#5357 = ADVANCED_FACE('',(#5358),#5364,.T.);
#5358 = FACE_BOUND('',#5359,.T.);
#5359 = EDGE_LOOP('',(#5360,#5361,#5362,#5363));
#5360 = ORIENTED_EDGE('',*,*,#4499,.T.);
#5361 = ORIENTED_EDGE('',*,*,#5347,.T.);
#5362 = ORIENTED_EDGE('',*,*,#4837,.F.);
#5363 = ORIENTED_EDGE('',*,*,#5306,.F.);
#5364 = PLANE('',#5365);
#5365 = AXIS2_PLACEMENT_3D('',#5366,#5367,#5368);
#5366 = CARTESIAN_POINT('',(-5.4,4.975,-4.6E-02));
#5367 = DIRECTION('',(0.,-1.,0.));
#5368 = DIRECTION('',(-1.,0.,0.));
#5369 = ADVANCED_FACE('',(#5370),#5386,.F.);
#5370 = FACE_BOUND('',#5371,.T.);
#5371 = EDGE_LOOP('',(#5372,#5373,#5379,#5380));
#5372 = ORIENTED_EDGE('',*,*,#4524,.T.);
#5373 = ORIENTED_EDGE('',*,*,#5374,.T.);
#5374 = EDGE_CURVE('',#4527,#4865,#5375,.T.);
#5375 = LINE('',#5376,#5377);
#5376 = CARTESIAN_POINT('',(1.387778780781E-17,-0.5,-4.6E-02));
#5377 = VECTOR('',#5378,1.);
#5378 = DIRECTION('',(0.,0.,1.));
#5379 = ORIENTED_EDGE('',*,*,#4862,.F.);
#5380 = ORIENTED_EDGE('',*,*,#5381,.F.);
#5381 = EDGE_CURVE('',#4525,#4863,#5382,.T.);
#5382 = LINE('',#5383,#5384);
#5383 = CARTESIAN_POINT('',(0.4,-0.5,-4.6E-02));
#5384 = VECTOR('',#5385,1.);
#5385 = DIRECTION('',(0.,0.,1.));
#5386 = CYLINDRICAL_SURFACE('',#5387,0.2);
#5387 = AXIS2_PLACEMENT_3D('',#5388,#5389,#5390);
#5388 = CARTESIAN_POINT('',(0.2,-0.5,-4.6E-02));
#5389 = DIRECTION('',(-0.,-0.,-1.));
#5390 = DIRECTION('',(-1.,-5.551115123126E-16,0.));
#5391 = ADVANCED_FACE('',(#5392),#5403,.T.);
#5392 = FACE_BOUND('',#5393,.T.);
#5393 = EDGE_LOOP('',(#5394,#5395,#5396,#5397));
#5394 = ORIENTED_EDGE('',*,*,#4552,.T.);
#5395 = ORIENTED_EDGE('',*,*,#5381,.T.);
#5396 = ORIENTED_EDGE('',*,*,#4890,.F.);
#5397 = ORIENTED_EDGE('',*,*,#5398,.F.);
#5398 = EDGE_CURVE('',#4544,#4882,#5399,.T.);
#5399 = LINE('',#5400,#5401);
#5400 = CARTESIAN_POINT('',(0.4,0.5,-4.6E-02));
#5401 = VECTOR('',#5402,1.);
#5402 = DIRECTION('',(0.,0.,1.));
#5403 = PLANE('',#5404);
#5404 = AXIS2_PLACEMENT_3D('',#5405,#5406,#5407);
#5405 = CARTESIAN_POINT('',(0.4,-0.5,-4.6E-02));
#5406 = DIRECTION('',(-1.,0.,0.));
#5407 = DIRECTION('',(0.,1.,0.));
#5408 = ADVANCED_FACE('',(#5409),#5420,.F.);
#5409 = FACE_BOUND('',#5410,.T.);
#5410 = EDGE_LOOP('',(#5411,#5412,#5413,#5414));
#5411 = ORIENTED_EDGE('',*,*,#4543,.T.);
#5412 = ORIENTED_EDGE('',*,*,#5398,.T.);
#5413 = ORIENTED_EDGE('',*,*,#4881,.F.);
#5414 = ORIENTED_EDGE('',*,*,#5415,.F.);
#5415 = EDGE_CURVE('',#4536,#4874,#5416,.T.);
#5416 = LINE('',#5417,#5418);
#5417 = CARTESIAN_POINT('',(-1.387778780781E-17,0.5,-4.6E-02));
#5418 = VECTOR('',#5419,1.);
#5419 = DIRECTION('',(0.,0.,1.));
#5420 = CYLINDRICAL_SURFACE('',#5421,0.2);
#5421 = AXIS2_PLACEMENT_3D('',#5422,#5423,#5424);
#5422 = CARTESIAN_POINT('',(0.2,0.5,-4.6E-02));
#5423 = DIRECTION('',(-0.,-0.,-1.));
#5424 = DIRECTION('',(1.,5.551115123126E-16,-0.));
#5425 = ADVANCED_FACE('',(#5426),#5432,.T.);
#5426 = FACE_BOUND('',#5427,.T.);
#5427 = EDGE_LOOP('',(#5428,#5429,#5430,#5431));
#5428 = ORIENTED_EDGE('',*,*,#4535,.T.);
#5429 = ORIENTED_EDGE('',*,*,#5415,.T.);
#5430 = ORIENTED_EDGE('',*,*,#4873,.F.);
#5431 = ORIENTED_EDGE('',*,*,#5374,.F.);
#5432 = PLANE('',#5433);
#5433 = AXIS2_PLACEMENT_3D('',#5434,#5435,#5436);
#5434 = CARTESIAN_POINT('',(0.,0.5,-4.6E-02));
#5435 = DIRECTION('',(1.,0.,-0.));
#5436 = DIRECTION('',(0.,-1.,0.));
#5437 = ADVANCED_FACE('',(#5438),#5449,.F.);
#5438 = FACE_BOUND('',#5439,.T.);
#5439 = EDGE_LOOP('',(#5440,#5441,#5447,#5448));
#5440 = ORIENTED_EDGE('',*,*,#4560,.T.);
#5441 = ORIENTED_EDGE('',*,*,#5442,.T.);
#5442 = EDGE_CURVE('',#4561,#4899,#5443,.T.);
#5443 = LINE('',#5444,#5445);
#5444 = CARTESIAN_POINT('',(3.6,-0.3,-4.6E-02));
#5445 = VECTOR('',#5446,1.);
#5446 = DIRECTION('',(0.,0.,1.));
#5447 = ORIENTED_EDGE('',*,*,#4898,.F.);
#5448 = ORIENTED_EDGE('',*,*,#5442,.F.);
#5449 = CYLINDRICAL_SURFACE('',#5450,0.3);
#5450 = AXIS2_PLACEMENT_3D('',#5451,#5452,#5453);
#5451 = CARTESIAN_POINT('',(3.6,2.914335439641E-16,-4.6E-02));
#5452 = DIRECTION('',(-0.,0.,-1.));
#5453 = DIRECTION('',(1.480297366167E-15,-1.,-0.));
#5454 = ADVANCED_FACE('',(#5455),#5471,.F.);
#5455 = FACE_BOUND('',#5456,.T.);
#5456 = EDGE_LOOP('',(#5457,#5458,#5464,#5465));
#5457 = ORIENTED_EDGE('',*,*,#4571,.T.);
#5458 = ORIENTED_EDGE('',*,*,#5459,.T.);
#5459 = EDGE_CURVE('',#4574,#4912,#5460,.T.);
#5460 = LINE('',#5461,#5462);
#5461 = CARTESIAN_POINT('',(0.,4.975,-4.6E-02));
#5462 = VECTOR('',#5463,1.);
#5463 = DIRECTION('',(0.,0.,1.));
#5464 = ORIENTED_EDGE('',*,*,#4909,.F.);
#5465 = ORIENTED_EDGE('',*,*,#5466,.F.);
#5466 = EDGE_CURVE('',#4572,#4910,#5467,.T.);
#5467 = LINE('',#5468,#5469);
#5468 = CARTESIAN_POINT('',(-1.640980426672E-17,4.575,-4.6E-02));
#5469 = VECTOR('',#5470,1.);
#5470 = DIRECTION('',(0.,0.,1.));
#5471 = CYLINDRICAL_SURFACE('',#5472,0.2);
#5472 = AXIS2_PLACEMENT_3D('',#5473,#5474,#5475);
#5473 = CARTESIAN_POINT('',(-4.926614671774E-16,4.775,-4.6E-02));
#5474 = DIRECTION('',(-0.,-0.,-1.));
#5475 = DIRECTION('',(2.463307335887E-15,1.,-0.));
#5476 = ADVANCED_FACE('',(#5477),#5488,.T.);
#5477 = FACE_BOUND('',#5478,.T.);
#5478 = EDGE_LOOP('',(#5479,#5480,#5481,#5482));
#5479 = ORIENTED_EDGE('',*,*,#4599,.T.);
#5480 = ORIENTED_EDGE('',*,*,#5466,.T.);
#5481 = ORIENTED_EDGE('',*,*,#4937,.F.);
#5482 = ORIENTED_EDGE('',*,*,#5483,.F.);
#5483 = EDGE_CURVE('',#4591,#4929,#5484,.T.);
#5484 = LINE('',#5485,#5486);
#5485 = CARTESIAN_POINT('',(1.,4.575,-4.6E-02));
#5486 = VECTOR('',#5487,1.);
#5487 = DIRECTION('',(0.,0.,1.));
#5488 = PLANE('',#5489);
#5489 = AXIS2_PLACEMENT_3D('',#5490,#5491,#5492);
#5490 = CARTESIAN_POINT('',(0.,4.575,-4.6E-02));
#5491 = DIRECTION('',(0.,1.,0.));
#5492 = DIRECTION('',(1.,0.,0.));
#5493 = ADVANCED_FACE('',(#5494),#5505,.F.);
#5494 = FACE_BOUND('',#5495,.T.);
#5495 = EDGE_LOOP('',(#5496,#5497,#5498,#5499));
#5496 = ORIENTED_EDGE('',*,*,#4590,.T.);
#5497 = ORIENTED_EDGE('',*,*,#5483,.T.);
#5498 = ORIENTED_EDGE('',*,*,#4928,.F.);
#5499 = ORIENTED_EDGE('',*,*,#5500,.F.);
#5500 = EDGE_CURVE('',#4583,#4921,#5501,.T.);
#5501 = LINE('',#5502,#5503);
#5502 = CARTESIAN_POINT('',(1.,4.975,-4.6E-02));
#5503 = VECTOR('',#5504,1.);
#5504 = DIRECTION('',(0.,0.,1.));
#5505 = CYLINDRICAL_SURFACE('',#5506,0.2);
#5506 = AXIS2_PLACEMENT_3D('',#5507,#5508,#5509);
#5507 = CARTESIAN_POINT('',(1.,4.775,-4.6E-02));
#5508 = DIRECTION('',(-0.,-0.,-1.));
#5509 = DIRECTION('',(-2.22044604925E-15,-1.,0.));
#5510 = ADVANCED_FACE('',(#5511),#5517,.T.);
#5511 = FACE_BOUND('',#5512,.T.);
#5512 = EDGE_LOOP('',(#5513,#5514,#5515,#5516));
#5513 = ORIENTED_EDGE('',*,*,#4582,.T.);
#5514 = ORIENTED_EDGE('',*,*,#5500,.T.);
#5515 = ORIENTED_EDGE('',*,*,#4920,.F.);
#5516 = ORIENTED_EDGE('',*,*,#5459,.F.);
#5517 = PLANE('',#5518);
#5518 = AXIS2_PLACEMENT_3D('',#5519,#5520,#5521);
#5519 = CARTESIAN_POINT('',(1.,4.975,-4.6E-02));
#5520 = DIRECTION('',(0.,-1.,0.));
#5521 = DIRECTION('',(-1.,0.,0.));
#5522 = ADVANCED_FACE('',(#5523),#5539,.F.);
#5523 = FACE_BOUND('',#5524,.T.);
#5524 = EDGE_LOOP('',(#5525,#5526,#5532,#5533));
#5525 = ORIENTED_EDGE('',*,*,#4607,.T.);
#5526 = ORIENTED_EDGE('',*,*,#5527,.T.);
#5527 = EDGE_CURVE('',#4610,#4948,#5528,.T.);
#5528 = LINE('',#5529,#5530);
#5529 = CARTESIAN_POINT('',(3.4,2.275,-4.6E-02));
#5530 = VECTOR('',#5531,1.);
#5531 = DIRECTION('',(0.,0.,1.));
#5532 = ORIENTED_EDGE('',*,*,#4945,.F.);
#5533 = ORIENTED_EDGE('',*,*,#5534,.F.);
#5534 = EDGE_CURVE('',#4608,#4946,#5535,.T.);
#5535 = LINE('',#5536,#5537);
#5536 = CARTESIAN_POINT('',(3.8,2.275,-4.6E-02));
#5537 = VECTOR('',#5538,1.);
#5538 = DIRECTION('',(0.,0.,1.));
#5539 = CYLINDRICAL_SURFACE('',#5540,0.2);
#5540 = AXIS2_PLACEMENT_3D('',#5541,#5542,#5543);
#5541 = CARTESIAN_POINT('',(3.6,2.275,-4.6E-02));
#5542 = DIRECTION('',(-0.,-0.,-1.));
#5543 = DIRECTION('',(-1.,0.,-0.));
#5544 = ADVANCED_FACE('',(#5545),#5556,.T.);
#5545 = FACE_BOUND('',#5546,.T.);
#5546 = EDGE_LOOP('',(#5547,#5548,#5549,#5550));
#5547 = ORIENTED_EDGE('',*,*,#4635,.T.);
#5548 = ORIENTED_EDGE('',*,*,#5534,.T.);
#5549 = ORIENTED_EDGE('',*,*,#4973,.F.);
#5550 = ORIENTED_EDGE('',*,*,#5551,.F.);
#5551 = EDGE_CURVE('',#4627,#4965,#5552,.T.);
#5552 = LINE('',#5553,#5554);
#5553 = CARTESIAN_POINT('',(3.8,3.275,-4.6E-02));
#5554 = VECTOR('',#5555,1.);
#5555 = DIRECTION('',(0.,0.,1.));
#5556 = PLANE('',#5557);
#5557 = AXIS2_PLACEMENT_3D('',#5558,#5559,#5560);
#5558 = CARTESIAN_POINT('',(3.8,2.275,-4.6E-02));
#5559 = DIRECTION('',(-1.,0.,0.));
#5560 = DIRECTION('',(0.,1.,0.));
#5561 = ADVANCED_FACE('',(#5562),#5573,.F.);
#5562 = FACE_BOUND('',#5563,.T.);
#5563 = EDGE_LOOP('',(#5564,#5565,#5566,#5567));
#5564 = ORIENTED_EDGE('',*,*,#4626,.T.);
#5565 = ORIENTED_EDGE('',*,*,#5551,.T.);
#5566 = ORIENTED_EDGE('',*,*,#4964,.F.);
#5567 = ORIENTED_EDGE('',*,*,#5568,.F.);
#5568 = EDGE_CURVE('',#4619,#4957,#5569,.T.);
#5569 = LINE('',#5570,#5571);
#5570 = CARTESIAN_POINT('',(3.4,3.275,-4.6E-02));
#5571 = VECTOR('',#5572,1.);
#5572 = DIRECTION('',(0.,0.,1.));
#5573 = CYLINDRICAL_SURFACE('',#5574,0.2);
#5574 = AXIS2_PLACEMENT_3D('',#5575,#5576,#5577);
#5575 = CARTESIAN_POINT('',(3.6,3.275,-4.6E-02));
#5576 = DIRECTION('',(-0.,-0.,-1.));
#5577 = DIRECTION('',(1.,0.,-0.));
#5578 = ADVANCED_FACE('',(#5579),#5585,.T.);
#5579 = FACE_BOUND('',#5580,.T.);
#5580 = EDGE_LOOP('',(#5581,#5582,#5583,#5584));
#5581 = ORIENTED_EDGE('',*,*,#4618,.T.);
#5582 = ORIENTED_EDGE('',*,*,#5568,.T.);
#5583 = ORIENTED_EDGE('',*,*,#4956,.F.);
#5584 = ORIENTED_EDGE('',*,*,#5527,.F.);
#5585 = PLANE('',#5586);
#5586 = AXIS2_PLACEMENT_3D('',#5587,#5588,#5589);
#5587 = CARTESIAN_POINT('',(3.4,3.275,-4.6E-02));
#5588 = DIRECTION('',(1.,0.,-0.));
#5589 = DIRECTION('',(0.,-1.,0.));
#5590 = ( GEOMETRIC_REPRESENTATION_CONTEXT(3) 
GLOBAL_UNCERTAINTY_ASSIGNED_CONTEXT((#5594)) 
GLOBAL_UNIT_ASSIGNED_CONTEXT((#5591,#5592,#5593)) REPRESENTATION_CONTEXT
('Context #1','3D Context with UNIT and UNCERTAINTY') );
#5591 = ( LENGTH_UNIT() NAMED_UNIT(*) SI_UNIT(.MILLI.,.METRE.) );
#5592 = ( NAMED_UNIT(*) PLANE_ANGLE_UNIT() SI_UNIT($,.RADIAN.) );
#5593 = ( NAMED_UNIT(*) SI_UNIT($,.STERADIAN.) SOLID_ANGLE_UNIT() );
#5594 = UNCERTAINTY_MEASURE_WITH_UNIT(LENGTH_MEASURE(1.E-07),#5591,
  'distance_accuracy_value','confusion accuracy');
#5595 = CONTEXT_DEPENDENT_SHAPE_REPRESENTATION(#5596,#5598);
#5596 = ( REPRESENTATION_RELATIONSHIP('','',#4202,#10) 
REPRESENTATION_RELATIONSHIP_WITH_TRANSFORMATION(#5597) 
SHAPE_REPRESENTATION_RELATIONSHIP() );
#5597 = ITEM_DEFINED_TRANSFORMATION('','',#11,#27);
#5598 = PRODUCT_DEFINITION_SHAPE('Placement','Placement of an item',
  #5599);
#5599 = NEXT_ASSEMBLY_USAGE_OCCURRENCE('17','=>[0:1:1:18]','',#5,#4197,$
  );
#5600 = PRODUCT_RELATED_PRODUCT_CATEGORY('part',$,(#4199));
#5601 = MECHANICAL_DESIGN_GEOMETRIC_PRESENTATION_REPRESENTATION('',(
    #5602),#1667);
#5602 = STYLED_ITEM('color',(#5603),#857);
#5603 = PRESENTATION_STYLE_ASSIGNMENT((#5604));
#5604 = SURFACE_STYLE_USAGE(.BOTH.,#5605);
#5605 = SURFACE_SIDE_STYLE('',(#5606));
#5606 = SURFACE_STYLE_FILL_AREA(#5607);
#5607 = FILL_AREA_STYLE('',(#5608));
#5608 = FILL_AREA_STYLE_COLOUR('',#5609);
#5609 = COLOUR_RGB('',0.679999990811,0.709999997415,0.729999995167);
#5610 = MECHANICAL_DESIGN_GEOMETRIC_PRESENTATION_REPRESENTATION('',(
    #5611),#2695);
#5611 = STYLED_ITEM('color',(#5612),#2545);
#5612 = PRESENTATION_STYLE_ASSIGNMENT((#5613));
#5613 = SURFACE_STYLE_USAGE(.BOTH.,#5614);
#5614 = SURFACE_SIDE_STYLE('',(#5615));
#5615 = SURFACE_STYLE_FILL_AREA(#5616);
#5616 = FILL_AREA_STYLE('',(#5617));
#5617 = FILL_AREA_STYLE_COLOUR('',#5618);
#5618 = COLOUR_RGB('',0.720000003324,0.720000003324,0.679999990811);
#5619 = MECHANICAL_DESIGN_GEOMETRIC_PRESENTATION_REPRESENTATION('',(
    #5620),#1947);
#5620 = STYLED_ITEM('color',(#5621),#1797);
#5621 = PRESENTATION_STYLE_ASSIGNMENT((#5622));
#5622 = SURFACE_STYLE_USAGE(.BOTH.,#5623);
#5623 = SURFACE_SIDE_STYLE('',(#5624));
#5624 = SURFACE_STYLE_FILL_AREA(#5625);
#5625 = FILL_AREA_STYLE('',(#5626));
#5626 = FILL_AREA_STYLE_COLOUR('',#5627);
#5627 = COLOUR_RGB('',0.720000003324,0.520000005207,0.1599999992);
#5628 = MECHANICAL_DESIGN_GEOMETRIC_PRESENTATION_REPRESENTATION('',(
    #5629),#2864);
#5629 = STYLED_ITEM('color',(#5630),#2714);
#5630 = PRESENTATION_STYLE_ASSIGNMENT((#5631));
#5631 = SURFACE_STYLE_USAGE(.BOTH.,#5632);
#5632 = SURFACE_SIDE_STYLE('',(#5633));
#5633 = SURFACE_STYLE_FILL_AREA(#5634);
#5634 = FILL_AREA_STYLE('',(#5635));
#5635 = FILL_AREA_STYLE_COLOUR('',#5618);
#5636 = MECHANICAL_DESIGN_GEOMETRIC_PRESENTATION_REPRESENTATION('',(
    #5637),#1778);
#5637 = STYLED_ITEM('color',(#5638),#1686);
#5638 = PRESENTATION_STYLE_ASSIGNMENT((#5639));
#5639 = SURFACE_STYLE_USAGE(.BOTH.,#5640);
#5640 = SURFACE_SIDE_STYLE('',(#5641));
#5641 = SURFACE_STYLE_FILL_AREA(#5642);
#5642 = FILL_AREA_STYLE('',(#5643));
#5643 = FILL_AREA_STYLE_COLOUR('',#5644);
#5644 = COLOUR_RGB('',9.999999991362E-02,0.114999998008,0.120000001395);
#5645 = MECHANICAL_DESIGN_GEOMETRIC_PRESENTATION_REPRESENTATION('',(
    #5646),#3008);
#5646 = STYLED_ITEM('color',(#5647),#2955);
#5647 = PRESENTATION_STYLE_ASSIGNMENT((#5648));
#5648 = SURFACE_STYLE_USAGE(.BOTH.,#5649);
#5649 = SURFACE_SIDE_STYLE('',(#5650));
#5650 = SURFACE_STYLE_FILL_AREA(#5651);
#5651 = FILL_AREA_STYLE('',(#5652));
#5652 = FILL_AREA_STYLE_COLOUR('',#5653);
#5653 = COLOUR_RGB('',3.499999902211E-02,3.999999888241E-02,
  4.499999925419E-02);
#5654 = MECHANICAL_DESIGN_GEOMETRIC_PRESENTATION_REPRESENTATION('',(
    #5655),#2454);
#5655 = STYLED_ITEM('color',(#5656),#2304);
#5656 = PRESENTATION_STYLE_ASSIGNMENT((#5657));
#5657 = SURFACE_STYLE_USAGE(.BOTH.,#5658);
#5658 = SURFACE_SIDE_STYLE('',(#5659));
#5659 = SURFACE_STYLE_FILL_AREA(#5660);
#5660 = FILL_AREA_STYLE('',(#5661));
#5661 = FILL_AREA_STYLE_COLOUR('',#5618);
#5662 = MECHANICAL_DESIGN_GEOMETRIC_PRESENTATION_REPRESENTATION('',(
    #5663),#3596);
#5663 = STYLED_ITEM('color',(#5664),#3029);
#5664 = PRESENTATION_STYLE_ASSIGNMENT((#5665));
#5665 = SURFACE_STYLE_USAGE(.BOTH.,#5666);
#5666 = SURFACE_SIDE_STYLE('',(#5667,#5671));
#5667 = SURFACE_STYLE_FILL_AREA(#5668);
#5668 = FILL_AREA_STYLE('',(#5669));
#5669 = FILL_AREA_STYLE_COLOUR('',#5670);
#5670 = COLOUR_RGB('',0.313304153717,0.484529207832,0.410020903123);
#5671 = SURFACE_STYLE_RENDERING_WITH_PROPERTIES(.NORMAL_SHADING.,#5670,(
    #5672));
#5672 = SURFACE_STYLE_TRANSPARENT(0.170000016689);
#5673 = MECHANICAL_DESIGN_GEOMETRIC_PRESENTATION_REPRESENTATION('',(
    #5674),#838);
#5674 = STYLED_ITEM('color',(#5675),#135);
#5675 = PRESENTATION_STYLE_ASSIGNMENT((#5676));
#5676 = SURFACE_STYLE_USAGE(.BOTH.,#5677);
#5677 = SURFACE_SIDE_STYLE('',(#5678));
#5678 = SURFACE_STYLE_FILL_AREA(#5679);
#5679 = FILL_AREA_STYLE('',(#5680));
#5680 = FILL_AREA_STYLE_COLOUR('',#5653);
#5681 = MECHANICAL_DESIGN_GEOMETRIC_PRESENTATION_REPRESENTATION('',(
    #5682),#5590);
#5682 = STYLED_ITEM('color',(#5683),#4203);
#5683 = PRESENTATION_STYLE_ASSIGNMENT((#5684));
#5684 = SURFACE_STYLE_USAGE(.BOTH.,#5685);
#5685 = SURFACE_SIDE_STYLE('',(#5686,#5690));
#5686 = SURFACE_STYLE_FILL_AREA(#5687);
#5687 = FILL_AREA_STYLE('',(#5688));
#5688 = FILL_AREA_STYLE_COLOUR('',#5689);
#5689 = COLOUR_RGB('',0.679975718802,0.701410709185,0.574871009914);
#5690 = SURFACE_STYLE_RENDERING_WITH_PROPERTIES(.NORMAL_SHADING.,#5689,(
    #5691));
#5691 = SURFACE_STYLE_TRANSPARENT(1.999998092651E-02);
#5692 = MECHANICAL_DESIGN_GEOMETRIC_PRESENTATION_REPRESENTATION('',(
    #5693),#2526);
#5693 = STYLED_ITEM('color',(#5694),#2473);
#5694 = PRESENTATION_STYLE_ASSIGNMENT((#5695));
#5695 = SURFACE_STYLE_USAGE(.BOTH.,#5696);
#5696 = SURFACE_SIDE_STYLE('',(#5697));
#5697 = SURFACE_STYLE_FILL_AREA(#5698);
#5698 = FILL_AREA_STYLE('',(#5699));
#5699 = FILL_AREA_STYLE_COLOUR('',#5618);
#5700 = MECHANICAL_DESIGN_GEOMETRIC_PRESENTATION_REPRESENTATION('',(
    #5701),#2116);
#5701 = STYLED_ITEM('color',(#5702),#1966);
#5702 = PRESENTATION_STYLE_ASSIGNMENT((#5703));
#5703 = SURFACE_STYLE_USAGE(.BOTH.,#5704);
#5704 = SURFACE_SIDE_STYLE('',(#5705));
#5705 = SURFACE_STYLE_FILL_AREA(#5706);
#5706 = FILL_AREA_STYLE('',(#5707));
#5707 = FILL_AREA_STYLE_COLOUR('',#5627);
#5708 = MECHANICAL_DESIGN_GEOMETRIC_PRESENTATION_REPRESENTATION('',(
    #5709),#2936);
#5709 = STYLED_ITEM('color',(#5710),#2883);
#5710 = PRESENTATION_STYLE_ASSIGNMENT((#5711));
#5711 = SURFACE_STYLE_USAGE(.BOTH.,#5712);
#5712 = SURFACE_SIDE_STYLE('',(#5713));
#5713 = SURFACE_STYLE_FILL_AREA(#5714);
#5714 = FILL_AREA_STYLE('',(#5715));
#5715 = FILL_AREA_STYLE_COLOUR('',#5653);
#5716 = MECHANICAL_DESIGN_GEOMETRIC_PRESENTATION_REPRESENTATION('',(
    #5717),#2285);
#5717 = STYLED_ITEM('color',(#5718),#2135);
#5718 = PRESENTATION_STYLE_ASSIGNMENT((#5719));
#5719 = SURFACE_STYLE_USAGE(.BOTH.,#5720);
#5720 = SURFACE_SIDE_STYLE('',(#5721));
#5721 = SURFACE_STYLE_FILL_AREA(#5722);
#5722 = FILL_AREA_STYLE('',(#5723));
#5723 = FILL_AREA_STYLE_COLOUR('',#5618);
#5724 = MECHANICAL_DESIGN_GEOMETRIC_PRESENTATION_REPRESENTATION('',(
    #5725),#4184);
#5725 = STYLED_ITEM('color',(#5726),#3617);
#5726 = PRESENTATION_STYLE_ASSIGNMENT((#5727));
#5727 = SURFACE_STYLE_USAGE(.BOTH.,#5728);
#5728 = SURFACE_SIDE_STYLE('',(#5729,#5732));
#5729 = SURFACE_STYLE_FILL_AREA(#5730);
#5730 = FILL_AREA_STYLE('',(#5731));
#5731 = FILL_AREA_STYLE_COLOUR('',#5670);
#5732 = SURFACE_STYLE_RENDERING_WITH_PROPERTIES(.NORMAL_SHADING.,#5670,(
    #5733));
#5733 = SURFACE_STYLE_TRANSPARENT(0.170000016689);
ENDSEC;
END-ISO-10303-21;
